timestamp,raw_action_0,raw_action_1,raw_action_2,raw_action_3,raw_action_4,raw_action_5,raw_action_6,raw_action_7,raw_action_8,raw_action_9,raw_action_10,raw_action_11
0.0,1.0787234,0.16321158,0.3828866,-0.46941215,1.7417606,0.22709057,-0.09796229,-1.2534833,-0.16188999,0.43867904,0.17309093,2.677308
0.02,4.6687202,-0.30202037,-1.5281852,-1.1752331,2.1747708,1.5454917,0.05841498,-2.5418751,0.5939818,0.21850473,0.27599782,4.234159
0.04,8.253323,-0.6720809,-2.8304791,-2.2670507,3.3074284,3.211079,-0.14414857,-4.4497437,1.0432512,0.55661833,0.31870314,6.936415
0.06,11.538529,-0.77463335,-4.2380133,-3.456944,4.19089,4.858052,-0.534501,-5.9760103,1.5239881,1.0252712,0.092573,9.332922
0.08,14.494693,-0.7852018,-5.7049117,-4.7292457,5.054377,6.5125237,-0.92183536,-7.168193,2.084587,1.506238,-0.39809915,11.584301
0.1,17.179277,-1.3293524,-6.6218247,-5.7982774,7.434238,8.200007,-1.0415908,-8.567535,3.0985851,1.6442711,-1.1752657,15.407917
0.12000000000000001,17.655687,-0.19424963,-8.531657,-7.81249,5.6543045,9.913495,-1.7175149,-7.251198,2.920939,2.765877,-2.4739187,13.829139
0.14,12.110704,1.0369915,-7.7867646,-8.4884405,3.343937,9.415713,-2.4847634,-2.793235,2.0959437,3.8168788,-3.8775563,9.608343
0.16,6.836277,1.0427873,-4.698076,-6.456363,4.028638,6.440402,-1.5541787,-1.2576033,1.5185772,2.9937828,-3.0721927,7.769089
0.18,4.674357,1.2433758,-2.5016303,-4.739787,4.9797587,4.614913,-0.84743273,-2.0187933,1.0342968,2.427715,-2.0211804,7.85521
0.19999999999999998,12.485049,-1.4326897,-2.170999,-3.510565,9.074054,4.00062,-0.44275603,-8.59015,1.462814,1.1129782,0.6091105,14.970925
0.21999999999999997,16.464304,0.3243556,-6.477508,-4.3856435,2.8519852,7.1753473,-2.0415099,-9.011495,1.6760508,1.1812049,0.48003742,10.769853
0.23999999999999996,-1.4656099,1.6052307,0.113285325,-3.9915047,-6.8977456,3.5704918,-8.584846,0.017784566,-5.728398,3.120117,-3.4187226,-3.8706055
0.25999999999999995,-4.829253,0.73875415,-0.017831415,0.47132888,-3.2993164,4.252345,-1.4731688,1.5072187,-0.48323584,0.5383247,-0.34411064,-5.183254
0.27999999999999997,-1.2500749,1.8672838,-1.5053102,2.3021126,-2.8268056,-0.7312123,0.143537,1.7092197,1.7518857,-2.3608181,-2.944697,-0.47665626
0.3,-1.2796608,1.7923027,0.59981537,1.2556852,-4.7661,2.5024137,-0.66026074,0.38781247,-0.24492283,-2.430216,-1.2904745,-5.7664013
0.32,0.32403156,0.8698473,-0.9489866,0.56640613,-1.2154326,-0.9306548,-0.24876349,1.300931,1.0490043,-1.1452817,-2.2447546,0.35029742
0.34,0.13135748,0.1682409,0.18637657,-0.024853148,-0.8808808,0.023517378,-0.24452467,0.3788959,-0.19726498,-0.1533896,-0.597968,-0.35142788
0.36000000000000004,2.5870516,-0.5625,-0.09662825,-0.461595,1.879404,0.54019123,-0.20233408,-1.9018521,0.18528904,0.3534551,0.37129608,3.1673179
0.38000000000000006,-0.8359543,1.1260633,-0.9712706,-0.30619305,-2.4224505,-0.0155561045,-2.0919073,1.3963101,-0.8816778,0.41179934,-1.8465177,-1.2893121
0.4000000000000001,-0.7518686,-0.22568056,0.9112745,0.19780329,-0.81460184,1.2275364,-0.0007013101,0.22581664,-0.66807497,-0.30445188,0.119398534,-1.1255381
0.4200000000000001,0.33797005,0.052894935,0.072241955,0.044717565,-0.10003619,-0.07437546,-0.08991268,-0.3241365,-0.019024504,-0.24398053,-0.05209034,0.016588619
0.4400000000000001,-0.32985362,0.47934252,-0.3540306,-0.01625473,-0.9784294,-0.20749377,-0.48086777,0.60753334,-0.19516449,-0.046006434,-0.7031872,-0.45918122
0.46000000000000013,-0.45839348,-0.10848227,0.4301275,0.110980816,-0.28413057,0.31075582,0.05812428,0.25483373,-0.3063356,-0.06767034,0.0369833,-0.38285688
0.48000000000000015,0.4933089,0.12199986,-0.09697893,0.008849271,0.5500074,-0.18128943,0.10174226,-0.45252258,0.08055904,-0.018399922,0.08206141,0.76175547
0.5000000000000001,-1.4908571,0.31258547,-0.29705095,0.56330156,-0.46010458,0.024185408,0.0028697792,0.5878067,-0.33660316,0.53906095,0.06818743,0.14446858
0.5200000000000001,0.17295927,0.36202842,0.4318122,0.103594474,1.0989708,-0.39000967,-0.03927721,-0.80496716,-0.19906598,0.15757626,0.26363775,1.4320998
0.5400000000000001,-1.0496908,0.29870918,-0.32993594,0.4779591,-0.24762893,-0.16538203,-0.008183008,0.45442215,-0.28870782,0.32814118,-0.04156689,0.22196111
0.5600000000000002,0.21702166,0.17361201,-0.023692857,-0.02979713,0.49643624,-0.16726774,0.07976347,-0.2367803,0.09571739,0.024758631,0.02784219,0.59547794
0.5800000000000002,-0.30613664,0.17332481,-0.30449113,0.09064216,-0.15705818,0.06089877,-0.0032901522,0.23768389,0.038351282,0.28767696,-0.031117823,0.09912952
0.6000000000000002,0.8577471,0.16473936,-0.27865398,-0.2805525,0.7500568,-0.022108532,0.09580248,-0.41626197,0.18176809,0.03706462,0.0018533133,1.0649564
0.6200000000000002,0.46937013,0.28173995,-0.69293654,-0.56115264,-0.026013121,0.43431938,-0.16874282,0.23868576,0.11292471,0.42232376,-0.23122112,0.26056844
0.6400000000000002,0.042130355,0.272862,-0.32260126,-0.40640152,0.17686403,0.23368259,-0.066005774,0.32257172,0.13527673,0.24308589,-0.25394714,0.1782155
0.6600000000000003,0.757756,0.21459098,-0.42321783,-0.38529137,0.52160066,0.1146455,0.06325097,-0.19791855,0.20333333,0.111927055,-0.115918815,0.7950308
0.6800000000000003,1.0681483,0.24305153,-0.7755914,-0.600792,0.21763068,0.4542999,-0.08614284,-0.028093264,0.30206338,0.21617582,-0.2694193,0.6678719
0.7000000000000003,0.49209067,0.3219338,-0.7164142,-0.6615497,-0.0064464062,0.5201019,-0.24361263,0.3679219,0.20847447,0.38443998,-0.34736714,0.269067
0.7200000000000003,-0.4113939,0.18377489,-0.23803353,-0.29970273,-0.121683225,0.32310247,-0.1443611,0.53835034,-0.07196887,0.35927063,-0.16088174,-0.16837402
0.7400000000000003,-0.16020429,0.16352566,0.095561616,0.17251445,0.4084543,-0.15725584,0.1681391,-0.27535465,-0.07768234,0.018637175,0.08966017,0.5720304
0.7600000000000003,0.4402951,0.055936754,-0.21079364,-0.025862955,0.24681528,-0.12301006,0.058955267,-0.17410508,0.08326921,-0.020770628,-0.05342812,0.4102966
0.7800000000000004,-0.1388637,0.08993344,-0.046081178,-0.075023584,-0.29908437,0.08059521,-0.14549017,0.19158743,-0.19276562,0.14058918,-0.08613913,-0.23265919
0.8000000000000004,-0.35432342,-0.03273123,0.11162143,0.14083064,-0.22431664,-0.08720386,0.03164366,0.26096806,-0.17886098,-0.049467437,-0.19121327,-0.037921175
0.8200000000000004,-0.30915967,-0.1768508,0.3166461,0.05021859,-0.16128437,0.029324763,0.038765848,0.24410366,-0.29950425,-0.0525722,-0.16172239,-0.06988514
0.8400000000000004,0.044878595,-0.10008487,0.24431843,-0.080150686,-0.1454715,-0.020767145,-0.07404331,-0.0316564,-0.2873137,-0.07819003,-0.13658401,-0.103152245
0.8600000000000004,0.08699098,-0.2119121,0.3841429,-0.35295016,-0.36798143,0.17199527,-0.30918723,-0.03638225,-0.5827419,0.03757278,-0.3283715,-0.29638767
0.8800000000000004,0.16516222,-0.11785492,0.57541275,-0.54429036,-0.59866107,0.50910366,-0.53838015,-0.36470288,-0.9511291,0.076744996,-0.19847126,-0.55375725
0.9000000000000005,0.049310815,0.03429921,0.31170756,-0.4404885,-0.61069053,0.3122345,-0.4723821,-0.14672992,-0.680557,0.031670965,-0.23886745,-0.57465
0.9200000000000005,0.20782599,-0.21733347,0.32575238,-0.31244442,-0.22793996,0.18767896,-0.2535873,-0.17085114,-0.46486846,0.042416863,-0.19507954,-0.18219832
0.9400000000000005,0.3760981,-0.23551708,0.22923857,-0.22386466,0.014552951,0.08402321,-0.13448212,-0.25522208,-0.29338792,0.042525336,-0.1142963,0.09984084
0.9600000000000005,1.0879256,-0.051990334,-0.23421073,-0.29716474,0.19727543,0.21221493,-0.12062508,-0.62563276,-0.011422733,0.060327448,0.021123786,0.60444564
0.9800000000000005,1.0798643,0.20187283,-0.6013876,-0.49166924,-0.0031547137,0.45835155,-0.23624991,-0.31781098,0.1546457,0.170861,-0.16861534,0.48651606
1.0000000000000004,0.23574647,0.29493493,-0.3537271,-0.4166192,-0.3226561,0.47111136,-0.37111744,0.09520544,0.00547806,0.18622749,-0.1974508,-0.19750349
1.0200000000000005,0.23233277,0.09542298,-0.20873547,-0.20779671,0.113890514,0.10439879,-0.0021172576,0.032065995,0.06347519,0.088921405,-0.07478182,0.19673342
1.0400000000000005,0.9031304,0.044310797,-0.36166012,-0.27439436,0.34260935,0.12894696,0.0307448,-0.33161196,0.19330418,0.027102405,-0.0805565,0.66501606
1.0600000000000005,1.6955054,0.09139252,-0.7421187,-0.513343,0.3739695,0.4768729,-0.07684652,-0.7241862,0.25944796,0.0964322,-0.057358008,1.0776072
1.0800000000000005,0.33004862,-1.865942,1.2198676,-1.0596321,-0.057923876,0.8963339,-1.4520613,-0.3649474,-1.5030894,0.5504527,-1.7653855,0.621713
1.1000000000000005,2.6742494,-0.17664626,-0.6199077,-0.42055553,1.0404326,0.47149956,-0.20098513,-1.8733823,0.122957036,0.07741111,0.40531766,2.1564333
1.1200000000000006,1.2231487,-1.986167,1.4166548,-1.2003747,0.0013197474,1.7725867,-1.5799156,-1.9848707,-2.106663,0.7711928,-0.889817,0.90243274
1.1400000000000006,4.305711,-0.67525494,-0.61210847,-0.79881483,1.4001161,1.398938,-0.7516246,-3.595962,-0.31033304,0.33633563,0.59256935,3.2538307
1.1600000000000006,4.2842216,0.7101141,-2.0168364,-1.5390651,-0.27345225,2.265906,-1.2156407,-2.362271,0.17333478,0.62906325,-0.11466585,2.165234
1.1800000000000006,-0.7201909,1.0623723,-0.054323547,-1.2887571,-2.711525,1.3130835,-2.745486,0.10541251,-1.9348265,0.9840721,-0.9006883,-2.1160254
1.2000000000000006,-2.8823946,1.5701444,0.51212716,2.0648713,0.7615436,-0.3237365,0.08718908,-1.6247458,-0.5756812,0.7859998,1.2379375,2.7470355
1.2200000000000006,-1.6124953,1.3688064,-0.5934863,2.5680513,0.53313553,-1.0859871,0.4218807,-1.1552956,0.087793574,-0.06415217,0.23844852,3.1825814
1.2400000000000007,-1.2839524,1.5197189,-1.5938646,2.2020755,-0.19587795,-1.3761349,0.091436855,0.3952658,0.7442864,-0.15388373,-0.94754314,2.8224022
1.2600000000000007,-2.0783114,0.8193407,-0.04298269,1.5158429,-0.1232228,-0.06367304,0.31040308,-0.51623654,-0.36199722,0.6873396,0.6764794,1.7288551
1.2800000000000007,0.24784078,0.16898485,0.43474877,0.2993039,1.0333952,-0.50044703,-0.065178424,-0.8070048,-0.17351346,0.040209427,0.212173,1.2381071
1.3000000000000007,-1.8351117,0.37903145,-0.3197714,0.61307985,-0.93907887,0.14115457,-0.084767416,0.785849,-0.1463621,0.6125088,0.017081227,-0.5226734
1.3200000000000007,-0.7076791,0.7202585,0.6361082,0.54015017,0.92446506,-0.42089847,-0.058800638,-1.0218179,-0.34324077,0.15824738,0.417669,1.5231328
1.3400000000000007,3.1313121,-0.16553786,-1.2361327,-0.6821932,1.4713341,0.8083288,0.07906087,-1.3803303,0.71902627,-0.107527755,-0.019346584,2.9201477
1.3600000000000008,2.6346483,0.36192277,-1.8891509,-1.9638896,0.78796166,2.0966861,-0.42984024,-0.21561792,0.53433245,0.7270827,-0.9280261,2.1217124
1.3800000000000008,3.0360696,0.24296564,-1.4794165,-1.933459,2.1462817,1.9574188,-0.24201642,-0.97164524,0.6836038,0.768535,-0.6740932,3.7208366
1.4000000000000008,6.3774066,-0.3498963,-2.4820032,-1.8746537,2.8461258,2.5657098,-0.13005327,-3.2148988,1.0984485,0.3319445,-0.047638517,5.7266927
1.4200000000000008,0.90938354,-4.3994055,2.6331844,-1.4209318,1.0830951,1.9597758,-2.3400164,-1.2540536,-2.4261107,0.76531166,-3.260113,2.0019326
1.4400000000000008,5.8809614,-0.051041182,-1.451827,-0.5863697,1.4117545,1.3472755,-0.99864566,-4.642932,0.42362484,-0.10161722,1.0733019,4.1491055
1.4600000000000009,2.4651425,-2.849714,1.5319484,-0.74376285,1.7040126,1.8386974,-1.0686156,-2.796002,-1.2642683,0.6538033,-1.0025179,2.6597214
1.4800000000000009,7.5489297,-0.48904848,-2.1301641,-1.2357024,2.6485276,2.2051795,-0.5490594,-4.9911323,0.5935819,0.2057953,0.96534944,5.859375
1.5000000000000009,0.7515563,1.3205168,-0.4719889,-1.5728418,-2.7044234,1.8891737,-3.5326965,-1.3647623,-1.9575406,1.8717482,-0.3614263,-0.7340284
1.520000000000001,-0.55455965,0.69333255,0.19533327,-0.98592997,-3.1097765,1.4136354,-2.1892717,0.5613438,-1.6977631,-0.07033352,-1.9119822,-2.688973
1.540000000000001,-1.0550417,1.4698957,-1.1073092,1.0094545,-3.006659,-0.009044893,-0.7835283,1.7911353,0.58343726,-1.1609341,-2.3089414,-1.6522977
1.560000000000001,-0.009588543,1.3594968,0.9095921,0.082428716,-4.7049937,2.1798465,-1.5775901,0.14088628,-1.1464316,-1.972584,-2.0564668,-4.907437
1.580000000000001,0.08163442,-0.33318692,-0.13563266,0.33599436,0.13571687,-0.732856,-0.026347367,0.36461565,0.40151098,-0.55593073,-1.003629,0.73083985
1.600000000000001,0.19410203,0.32382077,0.2908818,0.20147236,0.8453119,-0.25969505,0.09513781,-0.85478616,-0.19266933,0.00014787912,0.22068162,1.2241318
1.620000000000001,2.9962957,-0.25614253,-0.23174989,-0.6445193,2.3679113,0.6875476,-0.08722292,-2.4143763,-0.0006319303,0.38895318,0.42191926,3.794862
1.640000000000001,6.3510075,-0.31160927,-2.2125096,-1.522044,2.2746673,2.2671416,-0.099557266,-3.4838264,0.73875374,0.29071274,0.40940607,5.02759
1.660000000000001,5.1215,0.30061957,-2.2353268,-2.2240448,0.38169086,2.9109433,-1.187198,-2.3353534,0.10227008,0.99169314,-0.4002424,2.9618607
1.680000000000001,0.42396334,0.5911696,-1.3327663,-1.9409537,-0.7454609,1.7812858,-1.3170671,1.0396001,-0.7864034,1.5480382,-0.86748457,0.02535561
1.700000000000001,-0.19797811,0.622929,-0.19738269,-0.7376537,0.8315352,0.33648896,-0.1422878,0.31004825,0.05992244,0.5647228,-0.40829214,0.8915927
1.720000000000001,1.9393106,0.022457067,0.38466716,-0.56007445,2.488981,0.32280982,-0.17241777,-2.08395,-0.18586022,0.4456918,0.39440188,3.7802587
1.740000000000001,5.9975796,-0.72615564,-1.3311443,-1.4728498,3.260807,1.9562614,-0.054962143,-3.8503406,0.44817248,0.5187824,0.4666757,5.9680257
1.7600000000000011,9.610127,-0.6790819,-3.4136,-2.82367,3.60571,4.0185256,-0.3322378,-5.078956,1.1833133,0.8203538,0.17231114,7.8926315
1.7800000000000011,8.43628,0.36831594,-3.7798142,-3.3806858,1.1787485,4.602783,-1.41741,-3.7988064,0.6176093,1.3612863,-0.5113227,5.2881274
1.8000000000000012,-0.2228487,1.4677911,-0.8780439,-2.040025,-3.2080445,2.4993398,-3.9381,-0.013493329,-1.910931,2.2147362,-0.7108963,-1.645206
1.8200000000000012,-3.9554493,0.35010093,-0.1453416,0.26050618,-1.1786337,1.7962253,-0.83373785,2.2757263,-0.38978502,1.6664814,0.14873599,-1.3992467
1.8400000000000012,-0.9817078,0.6698612,0.7752231,0.49246335,0.94939387,-0.4094008,-0.2898978,-0.37317625,-0.069092214,0.31720808,0.4049501,1.1032739
1.8600000000000012,0.5466522,0.20759118,0.23452833,0.23976268,1.0386295,-0.33617917,0.048928604,-1.0151768,-0.15600711,-0.06827991,0.19576067,1.4498768
1.8800000000000012,2.948251,-0.22009009,-0.77764416,-0.6225397,1.6210505,0.72204024,0.07949646,-1.7444046,0.28700417,0.15698692,0.30919066,2.84557
1.9000000000000012,5.3077316,-0.34899175,-1.9495817,-1.5838828,2.4648545,2.1087844,0.014842259,-2.690793,0.8138019,0.2887853,0.025103409,4.8023753
1.9200000000000013,5.5820723,0.49706525,-2.6550617,-1.8086879,0.5975713,2.7363017,-0.8146265,-2.6657724,0.75812644,0.36313596,-0.21923403,3.5084946
1.9400000000000013,-0.052773695,-2.748853,0.74425465,-1.3811542,-0.15832756,0.55871165,-3.1720057,1.2581491,-1.2138122,0.7158214,-4.9037814,1.5395737
1.9600000000000013,-0.06672771,0.89204764,1.1399839,0.27109802,2.0772238,-0.54886216,-0.2171914,-2.0857599,-0.60648894,0.2527844,0.59518784,2.9167235
1.9800000000000013,-0.2618113,1.4605635,-2.0220165,0.61347944,-2.0678809,-1.2329103,-1.6334809,2.5358665,0.8751378,-0.533151,-3.352416,0.3842311
2.0000000000000013,-2.4937131,1.3466501,-0.9153375,2.126335,-0.58810455,-0.26977652,0.357107,-0.20955634,-0.19805379,0.9396863,0.34095404,2.9581282
2.0200000000000014,-1.265031,0.97388494,0.5650073,1.5495245,1.1676753,-0.74070126,-0.0031271707,-1.60238,-0.340311,0.011064189,0.5439934,2.501442
2.0400000000000014,-3.0495343,1.5642955,-0.42966467,2.5212772,-0.44151747,-0.2244145,0.555132,-0.8297099,-0.34643015,0.84677607,0.8522276,2.4289901
2.0600000000000014,-1.41358,0.6496668,-0.058536068,1.5436783,-0.17488267,-0.21114272,0.44688436,-0.5761514,-0.08748378,0.1787789,0.43945795,1.5105255
2.0800000000000014,-0.396845,0.4669161,0.18217632,0.2453648,-1.0252112,0.49416897,-0.16088139,-0.07702589,-0.12506698,-0.34933817,-0.042251132,-1.2213002
2.1000000000000014,-1.0928372,0.3869092,-0.12663236,0.8799649,-0.7013027,0.00937921,0.3345294,0.10957198,0.06474728,-0.026853627,0.003037881,0.3051149
2.1200000000000014,1.1721089,0.15581329,0.05227527,-0.20043972,1.4570925,-0.102835536,-0.0009377282,-1.1051414,0.023568375,0.15732104,0.3169069,2.096199
2.1400000000000015,3.8826687,-0.16192046,-1.4355481,-1.0612895,1.6856396,1.3436083,0.0824009,-1.9302803,0.52329946,0.15831476,0.023887832,3.3470259
2.1600000000000015,6.872384,-0.26281917,-2.7440147,-2.0256274,2.4549255,2.7867954,-0.21959423,-3.3417168,1.0099005,0.4490207,0.036364023,5.5055647
2.1800000000000015,1.57186,1.4828899,-1.7305259,-1.960199,-2.0706282,2.2232246,-2.7693574,-0.4077684,-0.8142987,1.8884336,-0.45091465,-0.043744937
2.2000000000000015,-2.7720816,0.22304456,-0.17250898,-0.20906137,-1.629854,1.8127596,-1.2291304,1.5072883,-1.0079945,1.1663436,-0.13116676,-2.0182981
2.2200000000000015,-0.58080363,0.9870122,1.4179467,0.81199694,2.0699952,-0.8898042,-0.38224074,-2.0328739,-0.6673607,0.24584562,0.7925331,3.036909
2.2400000000000015,3.7196143,-0.15492046,-1.2827386,-0.44372478,1.2729894,0.7066805,-0.011496408,-2.0150998,0.5441544,-0.15463725,0.2991471,2.8585446
2.2600000000000016,4.3609533,0.09206146,-2.0723834,-1.6437787,1.3349601,2.167942,-0.20628066,-1.7831953,0.72746813,0.32076442,-0.41104263,3.378106
2.2800000000000016,5.460251,-0.14184153,-2.5305238,-2.3044486,2.3632011,2.9544652,-0.31471878,-2.2231684,1.0887905,0.5943285,-0.7401326,4.970475
2.3000000000000016,0.5895799,-3.2071912,2.024592,-1.850276,0.19977154,2.073219,-2.5605774,-0.9978547,-2.5604544,1.2391152,-2.6921458,1.1315427
2.3200000000000016,2.6982644,0.09314239,0.10742285,-0.5892218,2.9715664,0.31166562,-0.118083164,-2.9407632,-0.14361727,0.25254837,0.6372156,4.32692
2.3400000000000016,0.9169214,-2.3511312,1.3718749,-2.2682931,-1.5075225,0.7917796,-4.6911674,0.53937566,-2.4326355,1.0669993,-5.4450064,1.2323332
2.3600000000000017,-0.019631874,-2.1231833,1.5308917,-1.4231993,-0.354366,1.1879765,-1.965726,0.06425586,-1.92529,0.81547546,-2.2548044,0.35274598
2.3800000000000017,-1.1381487,0.33776832,-0.4327005,0.7559611,0.2486266,-0.60706633,-0.0137103535,0.42508885,-0.2014539,0.10337197,-0.18572311,0.9645071
2.4000000000000017,-0.27885595,1.0327958,-1.5634861,0.9944191,-0.7059352,-1.2509118,-0.29040644,1.4290409,1.1096429,-0.44759652,-1.6864822,1.272279
2.4200000000000017,-1.7748064,0.7062,-0.45082945,1.4495113,-0.56217486,-0.085918844,0.3191612,0.060897723,-0.21392123,0.66329485,0.31499425,1.6135361
2.4400000000000017,-0.45638463,0.57204497,0.9673705,0.79844445,1.2690008,-0.7034656,-0.2687731,-1.4225423,-0.46756575,0.045248635,0.424229,1.9024224
2.4600000000000017,-0.16944118,0.63480234,-0.10124957,0.017757557,-1.037129,0.03772164,-0.49362072,-0.2458207,-0.25991875,-0.10024598,-0.2526296,-0.89240867
2.4800000000000018,-0.5750967,0.3291819,-0.18853512,0.39869988,-0.70121646,-0.12551351,0.049896188,0.3428599,0.02891825,-0.15564542,-0.34150782,-0.12039012
2.5000000000000018,-0.46486497,0.2455735,0.0774417,0.37222764,0.193099,-0.121347316,0.1331493,-0.17990088,0.0031106528,0.09073136,0.14464395,0.5331058
2.520000000000002,1.4672526,0.09042388,-0.363146,-0.28956094,1.1062701,0.05574543,0.10738063,-0.9402361,0.1694655,-0.01291653,0.12774694,1.6989324
2.540000000000002,3.6794145,-0.024361666,-1.5853662,-1.0193199,1.27626,1.2492223,0.042989537,-1.6034533,0.58898115,0.062004313,-0.06576562,2.8575182
2.560000000000002,0.8593708,0.9788455,-1.2467977,-1.2958608,-1.1653745,1.3580145,-1.5068854,0.012379676,-0.32729432,1.1201786,-0.34204626,-0.12717792
2.580000000000002,-0.6275221,0.3432281,-0.4298771,-0.7135759,-0.054857142,0.8203959,-0.42871672,1.1571313,0.19674994,0.55534077,-0.6915959,-0.2810404
2.600000000000002,0.4435992,0.38252366,0.13996217,-0.16363959,1.1363815,-0.1944057,0.03324826,-0.7238432,-0.071227625,0.14955726,0.13885596,1.4660714
2.620000000000002,1.4851371,0.19816178,-0.80578935,-0.5498255,0.52729607,0.3960348,0.057201788,-0.48366764,0.28031096,0.08680483,-0.1679502,1.1010184
2.640000000000002,1.1430608,0.36002132,-0.9951271,-0.8254512,0.12314318,0.7845713,-0.27309504,0.111251354,0.37762293,0.3029851,-0.4260296,0.6871261
2.660000000000002,-0.97041535,0.5018093,-0.14666992,-0.20995536,-1.0753492,0.8810178,-0.77028155,0.43949044,-0.27794436,0.4295443,-0.06592795,-1.3620957
2.680000000000002,-0.7901016,0.19847064,0.099023834,0.8254334,0.21884392,-0.29548964,0.30493858,-0.33201703,-0.030173153,-0.106110744,0.15209864,0.9762265
2.700000000000002,-0.3977317,0.19366829,0.020463381,0.52939004,0.24819233,-0.3273426,0.19335067,-0.20769896,-0.008962926,-0.06953336,0.049351234,0.6366338
2.720000000000002,-0.288919,0.13075891,-0.0007964382,0.31351137,-0.2346253,-0.03203415,0.05837635,0.025305629,0.0015756432,-0.022961374,0.0066696964,0.00084446557
2.740000000000002,-0.30318192,0.18834211,0.0929495,0.1646799,-0.51194197,0.1829986,-0.06678186,0.07518324,-0.100220256,-0.09668269,-0.031733,-0.4601387
2.760000000000002,-0.3781629,0.31324,0.082312174,0.20983075,-0.8291051,0.16152972,-0.051551,0.13659203,-0.14394869,-0.2177212,-0.21249063,-0.5690909
2.780000000000002,-0.069491446,0.2696243,0.39349985,-0.12914099,-0.94072837,0.5173948,-0.2833657,-0.14018667,-0.50068635,-0.27465975,-0.21192315,-0.94931215
2.800000000000002,0.07748959,0.18804547,0.2598154,-0.21072732,-0.7168802,0.24239081,-0.30587843,-0.16335452,-0.4267165,-0.20946242,-0.2781786,-0.6270818
2.820000000000002,0.24968775,0.21106026,0.29204276,-0.29630724,-0.69332534,0.41382337,-0.44479084,-0.47375607,-0.5314436,-0.15393953,-0.11285047,-0.6648304
2.840000000000002,0.35418674,0.19757499,0.08079395,-0.24973686,-0.5097283,0.2635739,-0.38384917,-0.4256338,-0.2991843,-0.08791964,-0.07861842,-0.3869103
2.860000000000002,0.81617475,0.2397173,-0.2680927,-0.24921645,-0.33688885,0.35955957,-0.3851058,-0.6479876,-0.025179224,-0.072838694,-0.031347632,-0.0069110524
2.880000000000002,-0.33320203,0.24676841,-0.19345906,-0.17226271,-0.4628417,0.46441865,-0.29762122,0.30203536,-0.010026364,0.22318101,-0.09977847,-0.54286206
2.900000000000002,-0.10361101,0.10104516,-0.036037542,-0.0043300954,0.07837479,0.07429324,0.016167074,0.11392566,0.14580111,0.020607201,-0.045953985,0.042198204
2.920000000000002,0.6964315,0.123017505,-0.38475448,-0.2188923,0.31676942,0.053508274,0.03485047,-0.16630736,0.26165342,0.007681338,-0.08096194,0.5529399
2.940000000000002,0.3776243,0.21511054,-0.5548186,-0.36937624,-0.08143641,0.3499259,-0.15239967,0.26039568,0.20760317,0.2902758,-0.19622368,0.1535404
2.960000000000002,-0.025295444,0.20500079,-0.31096536,-0.19083394,-0.24216773,0.40125164,-0.2190777,0.3162071,0.20616134,0.104401454,-0.15630494,-0.29276434
2.980000000000002,0.5488871,0.14746736,-0.3398841,-0.2523494,0.34185594,0.071769394,0.037950102,-0.1024525,0.2236308,0.0715773,-0.09804416,0.54358095
3.000000000000002,0.68529135,0.22605667,-0.6767222,-0.48548302,0.080476195,0.3696392,-0.11534761,0.14375672,0.25255066,0.2771559,-0.21964563,0.41972747
3.0200000000000022,-0.39890406,0.251965,-0.34702963,-0.27906367,-0.37965554,0.49401712,-0.32484213,0.540347,0.047978245,0.3851173,-0.13465291,-0.4123878
3.0400000000000023,0.55717796,0.08987418,-0.22622266,-0.07939783,0.37824363,-0.06312793,0.07666969,-0.2991695,0.18948816,-0.06551502,-0.020101009,0.5622924
3.0600000000000023,0.23982175,0.16579953,-0.376773,-0.196505,-0.061328217,0.18253507,-0.058272474,0.12569289,0.103418306,0.1981,-0.09480545,0.12295736
3.0800000000000023,-0.30707675,0.15265706,-0.08419411,-0.04713628,-0.3472914,0.35849413,-0.1652414,0.27218935,-0.0045930296,0.15341601,-0.030230694,-0.41714713
3.1000000000000023,-0.030332956,0.07879484,-0.07753849,0.19661571,-0.054667052,-0.10488769,0.06518055,-0.01075813,0.0793626,-0.084924445,-0.030439932,0.14339106
3.1200000000000023,-0.076289296,0.09472057,-0.03390397,0.10882049,-0.20340495,0.0021340852,-0.013843367,0.07824208,-0.009273001,-0.0179604,-0.03665762,-0.0807408
3.1400000000000023,-0.14043991,0.14232372,0.11407363,0.043434586,-0.45606124,0.2462005,-0.1340668,0.015139647,-0.15399761,-0.078098506,-0.029724013,-0.49011135
3.1600000000000024,0.14903073,0.11756489,0.096411,-0.10175383,-0.45283586,0.11733986,-0.2324645,-0.11343123,-0.21291786,-0.11530218,-0.1619244,-0.37840602
3.1800000000000024,0.16237988,0.05708425,0.11174991,-0.17379564,-0.3808565,0.091466,-0.23130995,-0.09674135,-0.26436904,-0.04539661,-0.15619719,-0.28926292
3.2000000000000024,-0.04895207,0.035764962,0.21982273,-0.15926644,-0.47974223,0.21835518,-0.24845646,0.007035993,-0.37354138,-0.0045650806,-0.15396541,-0.46238375
3.2200000000000024,0.23666042,0.04564704,0.16246465,-0.19415261,-0.4013347,0.18660122,-0.27010778,-0.21324033,-0.29780442,-0.06770118,-0.1356946,-0.3192673
3.2400000000000024,0.3950971,0.016179906,-0.0073513575,-0.20919098,-0.20887266,0.13450061,-0.20847012,-0.1910527,-0.14438815,0.016579079,-0.09734675,-0.056461252
3.2600000000000025,0.27133828,0.0975883,-0.12957335,-0.15828027,-0.20128386,0.14873531,-0.15464374,-0.06443948,-0.04046826,0.032047033,-0.07978623,-0.09380525
3.2800000000000025,0.04742052,0.1566954,-0.13977602,-0.043015204,-0.32291377,0.21531945,-0.14896773,0.049704365,0.02240943,0.03574395,-0.055257697,-0.26796922
3.3000000000000025,-0.036631044,0.10283224,-0.10378347,0.04934503,-0.22847633,0.08974689,-0.06571972,0.14334396,0.09356706,-0.0012032967,-0.06696844,-0.17658871
3.3200000000000025,0.22435355,0.092131674,-0.18347669,0.034425713,-0.0489308,0.01808551,-0.002252345,-0.039078556,0.15086669,-0.043438032,-0.05137744,0.083154574
3.3400000000000025,0.3204848,0.100190684,-0.2879781,-0.10896677,-0.0496056,0.1254179,-0.044931762,0.037323155,0.15203388,0.08079792,-0.08556065,0.12818918
3.3600000000000025,0.32387874,0.1456786,-0.33955574,-0.17072988,-0.1327936,0.20664407,-0.11943926,0.07910159,0.16033585,0.087088495,-0.12152818,0.0075169224
3.3800000000000026,0.21842948,0.1408891,-0.30279619,-0.1593668,-0.1720731,0.23777586,-0.14404272,0.11769704,0.12190308,0.09360903,-0.11874761,-0.08199422
3.4000000000000026,0.47123268,0.13100642,-0.36204246,-0.11217663,-0.051550947,0.07854108,-0.07234265,-0.06281608,0.17872529,0.014434857,-0.07744791,0.16776195
3.4200000000000026,0.0064302124,0.13126548,-0.2480517,-0.104574375,-0.17315207,0.14108805,-0.10078202,0.20819284,0.035446115,0.14598703,-0.087684445,-0.06893708
3.4400000000000026,0.4401674,0.08933286,-0.30256727,-0.0723467,0.011158232,0.035121445,-0.030744338,-0.05455327,0.17363094,0.004547259,-0.09140943,0.21415225
3.4600000000000026,0.24385567,0.09211406,-0.2783946,-0.10590593,-0.016023085,0.034488425,-0.023962716,0.108402625,0.112691656,0.09990962,-0.116632506,0.14789145
3.4800000000000026,-0.02336457,0.08923936,-0.17724541,-0.063495845,-0.10724135,0.11718712,-0.042015947,0.15430868,0.0008761771,0.1282409,-0.06983177,-0.010206725
3.5000000000000027,-0.039657276,0.045790896,-0.10582232,0.0171503,-0.036403574,0.017913273,0.011708872,0.11092633,0.009174269,0.07601262,-0.054207526,0.059872203
3.5200000000000027,0.35972312,0.03451877,-0.21758932,0.014395524,0.07713834,-0.11402738,0.02348687,-0.057999365,0.13083152,-0.026962373,-0.09156652,0.28218094
3.5400000000000027,0.3720889,0.06878565,-0.25917524,-0.16946538,-0.054555148,0.119863555,-0.07189916,0.024856795,0.07774779,0.102018066,-0.13704397,0.12241706
3.5600000000000027,0.4192476,0.09368497,-0.2733674,-0.19284691,-0.039062995,0.107910216,-0.09135604,-0.05095067,0.037998818,0.06845583,-0.08835323,0.124800324
3.5800000000000027,0.37378877,0.11286546,-0.23692834,-0.20657796,-0.13810787,0.16451517,-0.156194,-0.047759652,0.009940295,0.09194609,-0.101542965,0.012640309
3.6000000000000028,0.32661065,0.08749348,-0.20329985,-0.16010964,-0.17140447,0.08364102,-0.15170585,-0.035188414,-0.040327676,0.067324504,-0.093327284,-0.020557562
3.6200000000000028,0.08455299,-0.010433011,-0.0016704192,-0.13420561,-0.19163671,0.12493185,-0.13722871,0.072213605,-0.12180334,0.074540995,-0.14047128,-0.14611244
3.640000000000003,0.45307693,-0.011335082,-0.10884192,-0.08703137,0.029080663,-0.025008477,-0.063063055,-0.2017613,0.015938891,-0.016357852,-0.080087036,0.18701118
3.660000000000003,0.18117705,0.038986042,-0.080302164,-0.17093706,-0.12349619,0.08671,-0.10685055,0.057059567,-0.07013584,0.07410294,-0.13070998,-0.05534883
3.680000000000003,0.2419754,-0.0015706234,-0.05857913,-0.11215019,-0.047392704,0.004760443,-0.051282838,-0.0001630485,-0.03628444,0.003008606,-0.11071046,0.04748872
3.700000000000003,0.33684173,0.017667972,-0.1326589,-0.14486228,0.020579942,0.035131104,-0.038711764,-0.058897696,-0.01651374,0.030029366,-0.092558,0.14119457
3.720000000000003,0.8339138,0.04581594,-0.32137018,-0.21818385,0.04007262,0.114361964,-0.10893048,-0.33586997,0.09183925,-0.005706817,-0.083579056,0.34772614
3.740000000000003,0.61556125,0.18050113,-0.3257777,-0.29270253,-0.22484805,0.2586752,-0.29405767,-0.19107418,0.01876129,0.10495924,-0.12457968,0.04019007
3.760000000000003,0.32033965,0.12997262,-0.3149253,-0.2390648,-0.15867226,0.16913906,-0.1565076,0.0620084,0.0027524997,0.13609983,-0.14628366,0.015856618
3.780000000000003,-0.15153049,0.06974055,-0.07777406,-0.082059294,-0.22992927,0.124734394,-0.119425684,0.276194,-0.066979475,0.13509506,-0.11828245,-0.19317791
3.800000000000003,0.03648177,-0.011327971,-0.024168208,0.040108077,0.038822286,-0.050068617,0.049396455,0.046051256,0.01562175,-0.00861227,-0.066069886,0.14114965
3.820000000000003,0.91142833,-0.06541665,-0.2833228,-0.17868915,0.3090636,0.047300346,-0.004393792,-0.38241598,0.15049471,0.009317173,-0.06723645,0.6103735
3.840000000000003,1.221506,0.18449041,-0.62201047,-0.3929415,0.0013762675,0.34286317,-0.20608665,-0.44051024,0.17642806,0.11514225,-0.0653072,0.53510547
3.860000000000003,0.20301689,0.30161145,-0.39454,-0.43215787,-0.41037714,0.4730898,-0.4362556,0.15854912,-0.052272398,0.28849,-0.21430056,-0.24989691
3.880000000000003,0.09184255,0.072599664,-0.0871714,-0.050735563,-0.17351483,0.0898045,-0.06473002,0.03145197,-0.032137174,-0.015282324,-0.06716101,-0.108410165
3.900000000000003,0.30327025,0.0099183675,-0.14562935,-0.05296181,0.12802106,-0.01714639,0.055109285,-0.08423366,0.065051265,0.005670259,-0.081546836,0.2738109
3.920000000000003,0.74220836,0.044761464,-0.3379889,-0.16857089,0.09965293,0.0568213,-0.041972928,-0.25170135,0.13358521,0.021564135,-0.07111937,0.3800896
3.940000000000003,0.9772636,0.15359399,-0.5434585,-0.30809855,-0.028526116,0.2402104,-0.17119674,-0.259672,0.17618194,0.081671804,-0.12172671,0.38163364
3.960000000000003,0.3058952,0.22423135,-0.3197143,-0.38392058,-0.29572248,0.38247633,-0.33506465,0.06963983,-0.045116838,0.22247356,-0.15939488,-0.14738391
3.980000000000003,-0.09054312,0.059101023,-0.037691332,-0.0686482,-0.15231642,0.08510021,-0.054881662,0.15577406,-0.0762375,0.05354798,-0.07364276,-0.13693798
4.000000000000003,0.3401999,0.03676119,-0.14462236,0.05941613,0.1745949,-0.14140874,0.068121135,-0.18643098,0.08461335,-0.056770675,-0.04953946,0.389784
4.020000000000002,0.4475191,0.023943437,-0.14868608,-0.13587901,0.025001556,0.03380354,-0.045792058,-0.14532767,0.019764831,0.03636474,-0.07014896,0.16510871
4.040000000000002,0.32657856,0.022889446,-0.07937978,-0.14488746,-0.07732546,0.034917504,-0.08663878,-0.06589905,-0.058945186,0.025842478,-0.07341679,0.023047188
4.060000000000001,0.10816069,0.024256535,-0.00428541,-0.113978215,-0.14637195,0.080566026,-0.07739952,0.020787016,-0.10260777,0.043342955,-0.083810486,-0.09016978
4.080000000000001,0.07651529,-0.02405421,0.05553656,-0.054149684,-0.04240799,0.041159466,0.0034306454,0.03489229,-0.09402529,0.006313555,-0.056636125,-0.010685097
4.1000000000000005,0.010451686,-0.04218183,0.06426843,0.003269345,-0.055286344,-0.024707919,0.013875775,0.068492115,-0.079540156,-0.012075843,-0.08540693,0.0035105757
4.12,0.32415858,-0.06252392,-0.005541209,-0.09333308,0.02975871,-0.016063694,-0.031545773,-0.11142982,-0.04423988,-0.006677606,-0.09374389,0.112913325
4.14,0.07439847,-0.021723393,0.09225651,-0.13222279,-0.09938581,0.09106701,-0.06677504,0.016191352,-0.17893222,0.03263557,-0.07510442,-0.10512428
4.159999999999999,0.25697476,0.020843226,0.015525492,-0.11316173,-0.06753906,0.06848543,-0.0606298,-0.15296593,-0.11937412,-0.018926382,-0.025773674,-0.008248498
4.179999999999999,0.2264572,-0.021583576,0.09364396,-0.15545808,-0.059761215,0.098706,-0.07116582,-0.14298484,-0.18782386,0.017498018,-0.025204647,-0.043378167
4.199999999999998,0.47688818,-0.015324485,-0.012572182,-0.19329974,0.004802525,0.10624442,-0.10095055,-0.2889597,-0.112788774,-0.00020634942,-0.03338537,0.10643153
4.219999999999998,0.64150846,0.053517535,-0.14947802,-0.24988823,-0.04033755,0.15530792,-0.15311208,-0.34145695,-0.05717612,0.04246819,-0.02397507,0.16515651
4.2399999999999975,0.67274654,0.11986013,-0.2298877,-0.3085944,-0.1420219,0.23903997,-0.21118276,-0.34040508,-0.07278507,0.054116875,-0.047551114,0.097749546
4.259999999999997,-0.0598994,0.14806746,-0.0309784,-0.20634614,-0.30764174,0.26873508,-0.20865305,0.06781235,-0.19427645,0.11024586,-0.05312412,-0.358355
4.279999999999997,-0.35864225,0.052161276,0.09080037,0.18502004,-0.09984053,0.038818277,0.10846073,0.067665294,-0.091876745,-0.022881474,0.012678053,-0.005385792
4.299999999999996,0.14439051,0.06289038,0.0641161,0.08085156,0.38721865,-0.16239376,0.12627462,-0.28979304,-0.021134617,-0.030887268,0.07125899,0.48029914
4.319999999999996,0.53943276,0.0560078,-0.19541356,-0.15827887,0.14012487,0.04195106,-0.008769868,-0.23665106,0.046538115,0.01891757,-0.018249411,0.28560242
4.339999999999995,0.43452993,0.08613948,-0.10404034,-0.24927025,-0.13564774,0.25151995,-0.177184,-0.199992,-0.0729536,0.06900234,-0.060303014,-0.023051007
4.359999999999995,-0.029128227,0.093884304,0.0055007804,-0.10434074,-0.21510665,0.14493093,-0.09186238,0.049508013,-0.14577983,0.057685636,-0.02016025,-0.2218619
4.379999999999995,-0.3297427,0.036118142,0.121295236,0.16365789,-0.1668082,0.04611659,0.07359652,0.090136744,-0.11642856,0.0007428918,0.011248227,-0.06041438
4.399999999999994,0.14241293,0.016760157,0.0022293162,0.08874713,0.1938065,-0.12967077,0.09918383,-0.15636873,0.015462881,-0.0674578,-0.025766138,0.31230974
4.419999999999994,0.19910459,0.035504997,-0.023051422,-0.092498824,0.0075608566,0.006386818,-0.017542982,-0.06257933,-0.06161771,0.02634588,-0.021126468,0.05121567
4.439999999999993,-0.04144853,0.063706234,0.011636665,-0.015004041,-0.1582798,0.04018254,-0.024589607,0.071536854,-0.08985124,-0.00041463226,-0.04551335,-0.11594783
4.459999999999993,-0.23291676,0.021341482,0.14706513,0.065247275,-0.07576558,0.06903147,0.057701364,0.039367333,-0.14569741,-0.0043693352,0.0036982,-0.068732336
4.479999999999992,-0.048127215,0.0350462,0.06204965,0.06946988,0.11026125,-0.07167015,0.087689936,-0.06481239,-0.06740027,-0.031855576,0.017928082,0.15963128
4.499999999999992,0.32847068,0.040118854,-0.07905061,-0.07582086,0.020589799,-0.017049668,-0.031793095,-0.14267173,-0.00019945018,-0.012055935,-0.026505351,0.10304874
4.519999999999992,-0.00793637,0.07584886,-0.0025159959,-0.10614359,-0.22813177,0.18037361,-0.108534425,0.07880958,-0.11421539,0.048004292,-0.0735471,-0.23495215
4.539999999999991,-0.4263582,0.033686645,0.10845329,0.21869087,-0.18893796,0.051534712,0.083636224,0.16422851,-0.10779776,0.018294195,0.022754844,-0.06414224
4.559999999999991,0.023432799,0.047239594,0.015765637,0.16905506,0.15097259,-0.13846534,0.1153192,-0.12266454,0.048487335,-0.08264002,0.0012665316,0.284771
4.57999999999999,0.43482542,0.05758311,-0.17126822,-0.0600947,0.036775418,-0.023879604,-0.012518806,-0.15327266,0.079498336,-0.0327833,-0.05066036,0.20283765
4.59999999999999,0.3870754,0.11763784,-0.124869116,-0.18352158,-0.21045409,0.19264752,-0.18519597,-0.17063029,-0.042384095,0.03722097,-0.058907695,-0.08560197
4.6199999999999894,-0.18116681,0.13291655,-0.021084893,-0.043703873,-0.32977694,0.20880336,-0.12721616,0.09454944,-0.14572167,0.076108746,-0.018453669,-0.32552767
4.639999999999989,-0.02984801,0.04246625,-9.758212e-05,0.09830124,-0.08716601,-0.019792708,0.040783174,0.0398708,-0.0011581685,-0.054727837,-0.038128674,0.0024196208
4.659999999999989,0.1581359,0.028237605,-0.01650007,-0.0055118934,0.004312396,-0.010322429,0.01542123,-0.07139224,-0.0014246311,-0.03535682,-0.040981345,0.077687114
4.679999999999988,0.35537001,0.050946966,-0.14107934,-0.049491845,0.03878122,-0.022331778,-0.0033609625,-0.12285337,0.07516263,-0.019615777,-0.039346308,0.17963056
4.699999999999988,0.36124042,0.07778737,-0.2253783,-0.13855575,-0.07513258,0.08665895,-0.0759508,0.0039744647,0.09433229,0.06029425,-0.115332246,0.08343695
4.719999999999987,0.41791716,0.1006462,-0.30822092,-0.17426173,-0.08034505,0.13857009,-0.09955721,-0.025565863,0.100571364,0.0635392,-0.124230325,0.09206805
4.739999999999987,0.3522884,0.1350609,-0.33395332,-0.15576442,-0.1498681,0.14662556,-0.12343566,0.033057414,0.093792304,0.09115538,-0.10899553,0.03233897
4.7599999999999865,-0.032663103,0.12982887,-0.17024684,-0.08778283,-0.28320253,0.25213397,-0.14403659,0.19360167,0.021345241,0.122117124,-0.091136694,-0.21649173
4.779999999999986,0.07866272,0.08554971,-0.14721078,0.049540695,0.035649523,-0.020487519,0.052003585,-0.013758369,0.06667346,0.018949823,-0.04058032,0.2092238
4.799999999999986,0.44715953,0.058328055,-0.21073925,-0.13484402,0.007309109,0.05324813,-0.04836814,-0.07771389,0.106766656,0.004324423,-0.084783986,0.17364441
4.819999999999985,0.62688464,0.068450965,-0.3147612,-0.24079339,-0.028600961,0.17998868,-0.13200663,-0.14080249,0.10272144,0.065063305,-0.13810985,0.20014808
4.839999999999985,0.6635387,0.15801142,-0.4017499,-0.28976277,-0.14415643,0.26039597,-0.21013187,-0.15158242,0.09160143,0.07737777,-0.1357747,0.13083425
4.859999999999984,0.027720327,0.15659729,-0.25692207,-0.22556815,-0.26520866,0.2510062,-0.22101879,0.21727757,-0.043397926,0.20931356,-0.1253698,-0.18847586
4.879999999999984,0.13714325,0.056844108,-0.17162701,0.012301737,-0.06461116,-0.0402467,-0.0032921862,0.08683784,0.089127675,-0.0060224347,-0.110674396,0.088506274
4.8999999999999835,-0.16206755,0.01376089,-0.0029799668,0.07944793,-0.10088773,0.03002373,0.032793,0.1664983,-0.027177844,0.05958029,-0.047752403,-0.002441477
4.919999999999983,0.32689896,0.0625225,-0.16540393,0.027342156,0.20134632,-0.11048273,0.07598344,-0.16570377,0.10276519,-0.026388122,-0.0252342,0.38508096
4.939999999999983,0.45248243,0.0940754,-0.2857328,-0.17367043,-0.03483068,0.118834086,-0.07628508,-0.0604759,0.08440013,0.06827641,-0.10006806,0.15991014
4.959999999999982,0.33717543,0.13164967,-0.24394548,-0.1470138,-0.1916678,0.10398116,-0.15066937,0.0032427944,0.0586821,0.05853913,-0.11893408,-0.01939947
4.979999999999982,0.13237596,0.05995551,-0.08428585,-0.12696527,-0.23624893,0.15570869,-0.13832708,0.06259251,-0.06530948,0.06960603,-0.118642405,-0.15357804
4.999999999999981,0.102127284,0.032782987,-0.0701088,-0.020145977,-0.11371314,-0.040185057,-0.036593333,0.053380832,-0.021401731,-0.0012826752,-0.10630973,0.006699953
5.019999999999981,0.3369855,0.026826616,-0.09668394,-0.05310289,-0.05015941,-0.052787397,-0.050403453,-0.09351659,0.012103533,-0.031860396,-0.09594917,0.11437024
5.0399999999999805,0.26757908,0.035784364,-0.14255282,-0.14843021,-0.091415025,0.06742087,-0.09384989,0.03481237,-0.0024796445,0.064278774,-0.12790523,0.022034938
5.05999999999998,0.27781454,0.06938733,-0.1447494,-0.09207093,-0.051353082,0.046863005,-0.042810746,-0.07495323,-0.0029398967,0.0036413055,-0.06678766,0.074233286
5.07999999999998,0.048501577,0.039964348,-0.05712954,-0.11172489,-0.11667379,0.12439791,-0.06836219,0.1135681,-0.048531473,0.08062831,-0.094011605,-0.0835613
5.099999999999979,0.16916747,0.020429313,-0.05891177,-0.020716947,-0.08455853,-0.003104827,-0.025448175,0.009235704,0.015160082,-0.022315767,-0.09026845,0.03260714
5.119999999999979,0.50074774,0.018019106,-0.19836232,-0.0857428,0.0137044825,-0.005531343,-0.046164006,-0.15316817,0.09880275,-0.019169472,-0.09735048,0.20929217
5.139999999999978,0.9058808,0.06369655,-0.37347984,-0.25631797,0.037446886,0.18993464,-0.12745467,-0.35772124,0.12338562,0.030678922,-0.091956764,0.38270834
5.159999999999978,0.49009743,0.201695,-0.23600966,-0.277043,-0.31106293,0.35034862,-0.32230473,-0.2512385,-0.057095826,0.0780597,-0.103765145,-0.1042341
5.1799999999999775,-0.15083487,0.11503947,-0.14170071,-0.06155967,-0.3282138,0.14865172,-0.14313744,0.2682074,-0.06254458,0.110690214,-0.11510137,-0.26479897
5.199999999999977,-0.12211792,0.045895003,-0.048704356,0.17377472,-0.037244882,-0.05364026,0.08976441,0.046217225,0.012358451,-0.014226293,-0.025699575,0.14523713
5.219999999999977,0.51464564,0.036971986,-0.18497777,-0.06352935,0.2322128,-0.06271339,0.057069607,-0.21857281,0.10916592,-0.0406211,-0.03532563,0.42789483
5.239999999999976,0.61226475,0.13297072,-0.39699593,-0.23329164,-0.109164745,0.16295739,-0.16426516,-0.09020083,0.09876981,0.11234603,-0.1188612,0.1713731
5.259999999999976,0.089583755,0.1488666,-0.14194182,-0.21797965,-0.31524062,0.25596234,-0.23655762,0.11043215,-0.10634446,0.10612874,-0.10850188,-0.25599733
5.279999999999975,-0.22487949,0.060552232,0.021508757,0.0241438,-0.32396746,0.17460793,-0.08675805,0.17106752,-0.1371521,0.036915004,-0.04101617,-0.27501866
5.299999999999975,-0.062338393,0.023226004,0.03586512,0.10755243,0.13390122,-0.11992363,0.10255091,-0.022106085,-0.010642118,-0.0470524,-0.025804814,0.2106598
5.3199999999999745,0.5568118,-0.04587276,-0.1174194,-0.12911579,0.21222423,-0.007063013,0.00578708,-0.23274104,0.052963592,0.018112132,-0.05169772,0.38511178
5.339999999999974,0.40090743,0.10587652,-0.20168674,-0.2328762,-0.13493624,0.18305933,-0.16347419,-0.10537549,-0.023267323,0.102548935,-0.07697329,0.019140024
5.359999999999974,0.34510383,0.11480573,-0.1642079,-0.17657703,-0.19438662,0.15063807,-0.14944653,-0.09349781,-0.01918785,0.030104967,-0.086665526,-0.07877604
5.379999999999973,-0.09762761,0.044887345,0.072820164,-0.118557535,-0.21836857,0.1750267,-0.09538774,0.12728086,-0.17868412,0.050421923,-0.06981215,-0.26213017
5.399999999999973,-0.037924085,0.00918895,0.013023712,0.06654746,-0.07090891,0.012692248,0.038870703,0.056048017,0.005561687,-0.00857033,-0.049639724,0.032614335
5.419999999999972,0.48400733,-0.037890483,-0.06577464,-0.06847031,0.15705834,-0.042385403,0.011752425,-0.23933846,0.037157148,-0.030200033,-0.035615567,0.30070868
5.439999999999972,0.660866,0.07791994,-0.26985547,-0.23305166,-0.011657316,0.15099007,-0.110789485,-0.2417281,0.037347786,0.06823587,-0.050358556,0.21188101
5.4599999999999715,0.0574943,0.12691993,-0.11038417,-0.2275386,-0.23622878,0.24647148,-0.18894948,0.07446328,-0.1389955,0.15212962,-0.057641063,-0.22076711
5.479999999999971,-0.025998864,0.07936165,-0.037823495,-0.011494599,-0.22791333,0.07845209,-0.06563711,0.079581514,-0.06874683,0.0030815955,-0.05034019,-0.15637577
5.499999999999971,0.08637278,0.044569574,-0.08022803,0.052962866,0.028579239,-0.0715969,0.044382453,0.005759403,0.03722647,-0.017176496,-0.051741716,0.1793274
5.51999999999997,0.62576896,0.03353159,-0.26493895,-0.14883433,0.0712358,0.053048413,-0.05473931,-0.1997791,0.12200184,-0.0070453044,-0.08282924,0.29398587
5.53999999999997,0.75552636,0.11421271,-0.32997966,-0.23904516,-0.070845604,0.19366278,-0.15785263,-0.30019853,0.08024985,0.024958251,-0.08236276,0.22289622
5.559999999999969,0.8254664,0.15157114,-0.4424501,-0.35705727,-0.057847053,0.30698785,-0.20583951,-0.2610603,0.1094608,0.110206164,-0.12112969,0.28358358
5.579999999999969,0.3958086,0.23639776,-0.4491328,-0.33074075,-0.25798857,0.31974784,-0.28628328,0.103771225,0.0751521,0.21136436,-0.16228853,-0.047838546
5.599999999999969,-0.11802514,0.09503713,-0.11959139,-0.07410724,-0.31128734,0.21162027,-0.15252042,0.22505236,-0.06628669,0.12458732,-0.085484385,-0.2611382
5.619999999999968,-0.007121101,0.04570798,-0.07771744,0.13418381,0.06775868,-0.08647193,0.102518134,-0.0020740181,0.053184822,-0.004449632,-0.024325188,0.26559255
5.639999999999968,0.8427963,-0.019231465,-0.29518193,-0.18988092,0.30393356,0.051614054,0.019656042,-0.32389298,0.16398959,0.008920403,-0.07467413,0.58725893
5.659999999999967,1.0648004,0.22214969,-0.62008405,-0.4056548,-0.0790809,0.3624424,-0.23801997,-0.32299766,0.15099642,0.13416725,-0.11187361,0.38927737
5.679999999999967,0.22390933,0.26982015,-0.4020067,-0.37030292,-0.3562078,0.41219866,-0.36505273,0.18400124,0.0053121876,0.25093892,-0.20635243,-0.19964503
5.699999999999966,-0.10030152,0.06930384,-0.067929,-0.04295539,-0.26217395,0.14589109,-0.08555699,0.20095176,-0.059979513,0.046636894,-0.09965481,-0.22489718
5.719999999999966,-0.28718725,0.027530044,0.034669068,0.21552612,0.018810324,-0.08560595,0.13674216,0.08469628,-0.025058588,-0.0058961995,-0.041928098,0.20774546
5.739999999999966,0.24547666,0.0068142824,-0.03146471,0.032140076,0.25939542,-0.1251278,0.09548095,-0.15809977,0.043211788,-0.03931146,-0.034245983,0.39993396
5.759999999999965,0.7338631,0.056320377,-0.3271873,-0.18312411,0.028038878,0.11725525,-0.09301004,-0.2519605,0.13336243,0.029226637,-0.09127003,0.29139343
5.779999999999965,0.5562178,0.14344129,-0.23548055,-0.30295488,-0.2625317,0.3070386,-0.30799055,-0.23118219,-0.07701513,0.103952475,-0.11488922,-0.025945118
5.799999999999964,-0.07252209,0.11266202,-0.05555039,-0.1812255,-0.3893844,0.17629091,-0.25005695,0.17002635,-0.2263013,0.15179875,-0.112995684,-0.34971946
5.819999999999964,-0.117168695,0.0019408241,0.04412614,0.09685049,-0.17566283,-0.033005066,0.021283846,0.11739076,-0.06696152,-0.040940553,-0.09716956,-0.05981885
5.839999999999963,0.25779307,-0.022024106,-0.063807696,0.0023743524,0.0678166,-0.08202486,0.03140211,-0.07676014,0.02903018,-0.04606439,-0.089452654,0.21708724
5.859999999999963,0.24053396,0.0074354894,-0.11950169,-0.12968774,-0.007726688,0.05573369,-0.027832171,0.039029904,0.00032657385,0.07014985,-0.11456421,0.10525444
5.879999999999963,0.45361263,0.053703286,-0.22209382,-0.15718415,-0.030125648,0.08343324,-0.0853762,-0.06272562,0.075223014,0.04080686,-0.10079278,0.13241929
5.899999999999962,0.5383023,0.06057773,-0.26939964,-0.20543706,-0.030500889,0.073485926,-0.11889197,-0.09113929,0.06896055,0.06013442,-0.11332458,0.16505188
5.919999999999962,0.34751058,0.11429797,-0.19586745,-0.17718236,-0.22160074,0.18380158,-0.17607094,-0.044346914,-0.0014118459,0.044431694,-0.114701346,-0.07703154
5.939999999999961,-0.19939263,0.06997192,-0.043826047,-0.06909225,-0.24296229,0.13683888,-0.10820818,0.23293406,-0.13690923,0.11324524,-0.06641911,-0.21057338
5.959999999999961,-0.10728891,0.042475574,-0.053654518,0.12944509,-0.08987668,0.014460685,0.061178133,0.07188617,0.026162324,-0.008724812,-0.047969185,0.073566355
5.9799999999999605,0.6436051,-0.051451158,-0.17121208,-0.10092283,0.21901241,-0.031139083,-0.0007129032,-0.27363274,0.11277221,-0.025728226,-0.07170504,0.43665898
5.99999999999996,0.36378732,0.16717996,-0.2774604,-0.20543407,-0.22571355,0.17346108,-0.20299341,-0.008226119,0.014629273,0.11281117,-0.10264826,-0.04348913
6.01999999999996,0.3270044,0.1324458,-0.18995348,-0.1307166,-0.23815668,0.14118952,-0.17550229,-0.07908364,-0.011722721,0.014806375,-0.08802137,-0.10844234
6.039999999999959,0.3307502,0.049978234,-0.15641165,-0.14458393,-0.14394808,0.09671519,-0.13328594,-0.04478147,-0.018333297,0.03320577,-0.11637244,-0.014064847
6.059999999999959,0.276275,0.03207406,-0.07204354,-0.12599045,-0.16071394,0.09085423,-0.1116337,-0.025755398,-0.023797218,0.0067020115,-0.12830538,-0.04809531
6.079999999999958,0.3725166,-0.014727775,-0.10147717,-0.117416166,-0.0374085,0.06230013,-0.06329762,-0.09294774,0.017495116,0.013488235,-0.106291234,0.10552366
6.099999999999958,0.9378263,0.02796853,-0.36245447,-0.2615997,0.1538319,0.1584897,-0.07352147,-0.36746308,0.14070718,0.013747418,-0.078874454,0.50369424
6.1199999999999575,0.64431286,0.19096959,-0.4140339,-0.39078745,-0.15224068,0.3739033,-0.26680428,-0.13287985,0.059109434,0.14101991,-0.17856227,0.1317516
6.139999999999957,0.17691733,0.20197096,-0.3688698,-0.28192195,-0.2575571,0.2898169,-0.24149498,0.208941,0.049048476,0.21130855,-0.16124043,-0.121439055
6.159999999999957,0.033630587,0.079841584,-0.18033981,-0.077615276,-0.045162007,0.07077331,-0.024542058,0.13046914,0.00935146,0.09024996,-0.07738511,0.046370327
6.179999999999956,0.6796159,0.026756026,-0.28945065,-0.14302303,0.14044152,0.041684553,-0.011959873,-0.25054118,0.13237013,-0.008836601,-0.07388355,0.386593
6.199999999999956,0.54660124,0.10407145,-0.2874142,-0.24080561,-0.07899021,0.17218581,-0.14912833,-0.15022872,0.03207528,0.089201055,-0.08896365,0.11890094
6.219999999999955,0.047156475,0.0647624,-0.10580065,-0.16706951,-0.18207543,0.15713891,-0.1311873,0.1740699,-0.06631343,0.11568823,-0.12411825,-0.12696329
6.239999999999955,0.04949977,0.054816507,-0.13312444,0.020655146,0.02756323,-0.027121745,0.04880955,0.04285471,0.038306072,0.029211832,-0.09610909,0.17258786
6.2599999999999545,0.33941853,-0.031572092,-0.060909748,-0.09366463,0.0958416,-0.006531413,0.0066903085,-0.08556904,0.030895399,0.0062435847,-0.09375851,0.19295722
6.279999999999954,0.5963285,0.038394514,-0.26605967,-0.17925419,0.03716284,0.06960557,-0.06459262,-0.17188036,0.07670968,0.041220985,-0.0918963,0.2553331
6.299999999999954,0.85308444,0.11738284,-0.39171955,-0.2973484,-0.06955531,0.23466733,-0.18552037,-0.33350542,0.058360502,0.06267413,-0.07768792,0.26529375
6.319999999999953,0.47123754,0.19998425,-0.3681602,-0.37446812,-0.28030092,0.37127575,-0.3313062,-0.05662273,-0.039678752,0.20396441,-0.16801222,-0.059411526
6.339999999999953,-0.10417092,0.1604375,-0.18197072,-0.08978524,-0.3787076,0.16558078,-0.1982143,0.23715806,-0.06405927,0.13531917,-0.11869323,-0.29052642
6.359999999999952,-0.06223325,0.047307305,-0.09292207,0.12104006,-0.071319684,-0.07618623,0.053543046,0.09970371,0.033930555,-0.033359505,-0.09451343,0.10200141
6.379999999999952,0.5553113,-0.0054098405,-0.16443032,-0.043357003,0.2704708,-0.10311846,0.05060737,-0.25866184,0.103119485,-0.047913067,-0.048655048,0.45638475
6.3999999999999515,0.6170341,0.12551203,-0.3706552,-0.2643706,-0.099267,0.22813848,-0.17177339,-0.117793545,0.100510806,0.094919816,-0.1581067,0.14772329
6.419999999999951,0.32741717,0.1407728,-0.23622489,-0.2320946,-0.20843248,0.17908433,-0.1983188,0.0012279823,-0.026023168,0.09767038,-0.1017829,-0.049186386
6.439999999999951,0.1361022,0.09470412,-0.17380849,-0.043745432,-0.16590425,0.061709188,-0.07091841,0.056575224,0.027558876,0.029067064,-0.09951095,-0.053574353
6.45999999999995,-0.098366186,0.04290708,-0.026538072,0.04073973,-0.07962924,0.019627208,0.027640413,0.080072165,-0.053362533,0.03572175,-0.045514606,0.024011375
6.47999999999995,0.217649,-0.004472593,-0.06154263,-0.03480771,0.11057632,-0.050585166,0.03142973,-0.035131957,0.05793173,0.010648223,-0.070460886,0.21862179
6.499999999999949,0.5127,-0.022829048,-0.123914115,-0.15357675,0.048456207,0.072358586,-0.06291936,-0.18570125,0.04716687,0.025785388,-0.09911473,0.21611536
6.519999999999949,0.8351955,0.041783676,-0.32747793,-0.2413047,0.037417233,0.16234317,-0.12740822,-0.30419064,0.1198623,0.041457057,-0.09840633,0.3629016
6.5399999999999485,0.86362004,0.18381314,-0.419331,-0.3315566,-0.13854323,0.30809844,-0.26470324,-0.3345851,0.0831022,0.079664215,-0.1063939,0.2527975
6.559999999999948,0.24157904,0.24201122,-0.38040394,-0.36392918,-0.33398592,0.37889457,-0.3523443,0.15517293,-0.01160053,0.24901742,-0.18839464,-0.17484641
6.579999999999948,0.00097569637,0.06721021,-0.15140492,-0.10419462,-0.20926522,0.10476779,-0.11926296,0.21775225,-0.043959357,0.1075433,-0.10979453,-0.1258527
6.599999999999947,0.00015163608,0.05326268,-0.14492449,0.098756455,-0.040646575,-0.076580144,0.046565764,0.09085202,0.078715794,0.010096019,-0.104454756,0.14588992
6.619999999999947,0.70956314,-0.0327723,-0.21449056,-0.09864768,0.18200485,-0.019298382,-0.022983154,-0.31105727,0.13081788,-0.031237494,-0.0772953,0.42668125
6.639999999999946,0.71453846,0.16716321,-0.3788585,-0.27518174,-0.1524385,0.18622965,-0.23023625,-0.22538754,0.044631295,0.091279075,-0.08462748,0.15645549
6.659999999999946,0.20571323,0.2037523,-0.22609672,-0.25074217,-0.37777585,0.28665853,-0.31213275,0.043889686,-0.0810264,0.11865605,-0.1311039,-0.25922886
6.6799999999999455,-0.26889214,0.06681961,-0.048157603,0.044955485,-0.29381895,0.052320108,-0.06316234,0.29559836,-0.08893342,0.051445283,-0.10345118,-0.21675417
6.699999999999945,-0.20750894,0.044751808,0.028030347,0.292039,0.083570905,-0.19321941,0.15043123,-0.014014557,0.031678185,-0.0751721,-0.030795299,0.33672312
6.719999999999945,0.41373885,-0.009628188,-0.084289484,-0.0424037,0.29194373,-0.08309499,0.07586775,-0.20745459,0.070400625,-0.0015995204,-0.035878442,0.4344789
6.739999999999944,0.8493693,0.10856916,-0.37573764,-0.1997696,0.012840897,0.09420623,-0.11668359,-0.3297631,0.1164688,0.010973334,-0.05349653,0.34739682
6.759999999999944,0.8019775,0.18063223,-0.35648218,-0.31850103,-0.22526133,0.3505167,-0.32798478,-0.39382607,0.002043508,0.086068034,-0.10185677,0.12923725
6.779999999999943,0.12937523,0.18348151,-0.32503766,-0.37510744,-0.2723937,0.33375362,-0.30453184,0.19810578,-0.103550225,0.2814208,-0.16302769,-0.16251087
6.799999999999943,0.020055763,0.06323011,-0.07512935,0.001961134,-0.1894515,0.04871338,-0.049543902,0.0911658,-0.014546456,0.00074550137,-0.08511436,-0.08990538
6.8199999999999426,-0.036947925,0.017258706,-0.026358094,0.046176974,0.037418045,-0.040768374,0.06959792,0.058867767,-0.017088912,0.010791969,-0.054432724,0.15672675
6.839999999999942,0.5121119,0.01075815,-0.1844503,-0.08382961,0.14734064,-0.03562992,0.0068016406,-0.1841706,0.113724634,-0.0037228568,-0.05301109,0.33491364
6.859999999999942,0.999526,0.092061,-0.45142174,-0.28414345,0.022746168,0.22866839,-0.1390852,-0.383477,0.13891195,0.06727358,-0.084904015,0.42854768
6.879999999999941,0.8523009,0.24407615,-0.44563615,-0.32760736,-0.2608989,0.38225397,-0.3664582,-0.37083557,0.057979934,0.10643297,-0.10171069,0.14346918
6.899999999999941,0.16482903,0.22756818,-0.38274917,-0.28597745,-0.33286738,0.29699633,-0.27374622,0.1739698,-0.022118123,0.22148493,-0.15141608,-0.17166397
6.91999999999994,-0.56732124,0.039035723,0.057917602,0.087759584,-0.18186043,0.14293262,0.008900477,0.319244,-0.18387271,0.15332916,0.0042747557,-0.16033094
6.93999999999994,0.04941794,0.09195809,0.013770942,0.17887577,0.35841042,-0.21647,0.13643248,-0.25545624,0.02165976,-0.05476155,0.029582608,0.53308266
6.95999999999994,0.44641903,0.067151725,-0.22028309,-0.12403489,-0.027687304,0.08240644,-0.06431888,-0.090771824,0.07898324,0.03736628,-0.07338946,0.156748
6.979999999999939,0.5473408,0.05075834,-0.09181028,-0.23865111,-0.15820944,0.20537427,-0.20415673,-0.30504787,-0.110787846,0.010968847,-0.073201686,0.029437048
6.999999999999939,0.36507165,0.02691565,0.007751394,-0.27957836,-0.24826881,0.19131367,-0.25572327,-0.17940772,-0.22998977,0.06689263,-0.12498304,-0.13198924
7.019999999999938,0.23531091,0.017331973,-0.026185442,-0.18200271,-0.15437858,0.111599155,-0.12880489,-0.072479606,-0.16638741,0.050791867,-0.090484165,-0.08458853
7.039999999999938,0.12098962,0.004994821,-0.010518217,-0.098331,-0.104714245,0.025799366,-0.061661504,0.038713083,-0.08877982,0.0142156985,-0.11598423,-0.04295539
7.059999999999937,-0.18311407,-0.010081258,0.1420475,-0.026216537,-0.012859441,0.09296044,0.039047524,0.0760937,-0.18240382,0.061440773,0.005498547,-0.051719025
7.079999999999937,0.34834275,0.022451615,-0.057734814,0.01631372,0.2508161,-0.09858444,0.07998139,-0.2392857,0.046062484,-0.04767076,0.0011829529,0.38563445
7.099999999999937,0.73228383,0.081903175,-0.2853511,-0.24270667,0.008649051,0.18201843,-0.09608766,-0.3220709,0.052111357,0.04700534,-0.039698936,0.2706193
7.119999999999936,0.12839122,0.12038194,-0.0049135443,-0.27813616,-0.25924677,0.32734546,-0.22774966,-0.04537901,-0.20788361,0.09587243,-0.06071809,-0.25545356
7.139999999999936,0.0022080783,0.09130569,-0.04441089,-0.011065742,-0.13397038,0.026751904,-0.019813128,0.0029853284,-0.04796069,-0.02449917,-0.052695937,-0.09013356
7.159999999999935,-0.10617885,0.021206636,0.07664692,0.068122804,0.0029620044,-0.02698828,0.075433895,0.0075251237,-0.08145799,-0.028688602,-0.014611692,0.03626612
7.179999999999935,0.24204232,0.013029899,-0.006719012,0.004025049,0.09152948,-0.049592026,0.051393673,-0.14151897,0.009275785,-0.058896035,-0.020252755,0.19647382
7.1999999999999345,0.53528917,0.021945447,-0.15644076,-0.16736121,0.14101367,0.037908044,-0.0090384595,-0.2246558,0.02826002,0.030353585,-0.033601303,0.27678654
7.219999999999934,0.5697553,0.10086584,-0.22726607,-0.29413003,-0.008670524,0.2152403,-0.12589863,-0.20963778,0.008805418,0.07536046,-0.0674585,0.15905738
7.239999999999934,0.11755204,0.1678305,-0.13247547,-0.2608131,-0.24764049,0.27933756,-0.21886031,0.03126874,-0.10776612,0.1229619,-0.051304914,-0.21719743
7.259999999999933,0.018309526,0.09238398,-0.05747024,0.01898198,-0.14187053,0.023978299,-0.022784514,-0.016936451,-0.028786443,-0.023870591,-0.038211297,-0.06953673
7.279999999999933,-0.027250446,0.03612297,0.0072300658,0.016817387,0.06865715,-0.010922436,0.07821117,-0.024744295,-0.046644337,0.01979513,-0.013995299,0.09640978
7.299999999999932,0.5773282,0.019895084,-0.13859835,-0.0889994,0.10431063,0.0119887665,-0.0150942635,-0.30469677,0.051857032,-0.045609992,-0.014213674,0.28484753
7.319999999999932,0.58452874,0.0944341,-0.22037613,-0.24040641,-0.05681827,0.17492978,-0.12895171,-0.22653039,0.018356739,0.046423353,-0.06668644,0.1292277
7.3399999999999315,0.3221078,0.1517523,-0.19507527,-0.21168219,-0.18530321,0.19847132,-0.17219628,-0.07486796,-0.01254852,0.07283087,-0.06138061,-0.08779961
7.359999999999931,-0.20180269,0.076523945,0.021338657,-0.07162411,-0.2373798,0.24180965,-0.081297964,0.1322906,-0.13828789,0.09671544,-0.038558092,-0.28421324
7.379999999999931,-0.25036305,0.04762125,0.07368688,0.1749598,0.083860904,-0.07540008,0.13125342,0.015130922,-0.049203068,-0.018731147,0.028451007,0.17148522
7.39999999999993,0.47923362,-0.028859079,-0.037898708,-0.06012495,0.31442755,-0.068435065,0.063546166,-0.30070803,0.022563865,-0.03072196,0.0006376449,0.41659805
7.41999999999993,0.41741273,0.107431844,-0.18262711,-0.20823187,-0.1163941,0.16749784,-0.124751374,-0.14799267,-0.037803106,0.055522196,-0.058169365,0.017250707
7.439999999999929,-0.0442756,0.13384251,-0.02288575,-0.04702156,-0.30192542,0.15383697,-0.120971486,0.06869824,-0.06373626,0.031931072,-0.05804805,-0.28685066
7.459999999999929,-0.13781728,0.04178871,0.112242125,0.08981992,-0.08064187,0.038065925,0.061528325,-0.04136336,-0.11734024,-0.058788516,0.008705791,-0.032152005
7.4799999999999285,0.19483791,0.029835207,0.006802814,0.008218698,0.1175497,-0.026816376,0.0687073,-0.18958527,-0.028505567,-0.044002824,0.013128538,0.20212579
7.499999999999928,0.527694,0.034697525,-0.09767989,-0.16854835,0.007749729,0.08810479,-0.07258649,-0.26776904,-0.026077902,-0.01772514,-0.029746,0.14978263
7.519999999999928,0.14685461,0.05426827,0.02774895,-0.23552187,-0.17431267,0.22792387,-0.16371448,-0.030137531,-0.17704128,0.08435551,-0.07617037,-0.17073491
7.539999999999927,-0.27210307,0.078840494,0.029280964,0.07791128,-0.12729454,0.07148299,0.039259173,0.06819177,-0.12072614,0.05771012,0.027500961,-0.045219183
7.559999999999927,0.12027049,0.0402834,-0.020658584,0.03972035,0.1520095,-0.07897983,0.080240086,-0.11589609,0.021419438,-0.042518012,-0.01061313,0.2270901
7.579999999999926,0.49356297,0.06181985,-0.17480913,-0.15253998,0.095773175,0.07493553,-0.0072709937,-0.23371136,0.027316762,0.021961698,-0.009077163,0.22566096
7.599999999999926,0.36628908,0.108650014,-0.16801938,-0.28293097,-0.119623005,0.22809403,-0.15900956,-0.10884928,-0.0835112,0.092489235,-0.07483116,-0.019374844
7.6199999999999255,0.15255535,0.14273651,-0.15489483,-0.12419949,-0.18965183,0.16471678,-0.10483919,-0.021281105,-0.011006822,0.055196293,-0.04574791,-0.12319389
7.639999999999925,-0.351906,0.06497045,0.08103147,0.03745096,-0.17933376,0.11396439,-0.0021268055,0.18824683,-0.12467078,0.065993726,-0.029083813,-0.19629166
7.659999999999925,-0.2373813,0.07677874,0.09463966,0.25789964,0.14874889,-0.107527174,0.16511305,-0.123378545,-0.04437862,-0.04183688,0.07670042,0.32538116
7.679999999999924,0.346946,0.03301154,-0.049313046,-0.05231063,0.26427525,-0.06432793,0.06555473,-0.21924287,0.037602894,-0.007288463,0.01585504,0.35486886
7.699999999999924,0.5286208,0.08812593,-0.24846086,-0.18366788,0.036081158,0.05200047,-0.053710267,-0.14544317,0.054434225,0.053468935,-0.051636953,0.20431592
7.719999999999923,-0.14897035,0.14732598,0.014204025,-0.16395296,-0.31349367,0.29566357,-0.18100606,0.08998464,-0.19591893,0.1324442,-0.008320937,-0.3701425
7.739999999999923,-0.2759924,0.03252445,0.09947157,0.12114827,-0.13209051,0.027131602,0.055897765,0.11655429,-0.09724478,-0.034662023,-0.024224099,-0.071355104
7.7599999999999225,-0.119709834,0.031569913,0.117038764,0.15259795,0.13716544,-0.086204804,0.13568291,-0.07709997,-0.054603115,-0.047083132,0.05406465,0.21474206
7.779999999999922,0.2798925,0.035720527,-0.047874454,-0.036391027,0.07002097,-0.02280517,0.0147568025,-0.148074,0.006359648,-0.010430846,0.00020005554,0.1793829
7.799999999999922,-0.01882204,0.052703194,0.07185835,-0.069394864,-0.14736845,0.118994065,-0.046355158,0.044487044,-0.115323134,0.04048428,-0.010367891,-0.1671541
7.819999999999921,-0.026336025,0.05653122,-0.013225216,0.03911008,0.009718854,-0.023371495,0.051844746,-0.015338069,-0.0427408,-0.009886003,-0.012980169,0.07172108
7.839999999999921,-0.21365523,0.09519005,0.06327448,0.10802024,-0.18590398,0.051722724,0.023383524,0.06537543,-0.08212945,-0.00019974634,0.030284211,-0.11396749
7.85999999999992,-0.047976304,0.029891383,0.07800437,0.08209532,-0.0079116095,-0.020399649,0.06824523,-0.034737818,-0.041797914,-0.058554776,-0.018056598,0.04015013
7.87999999999992,-0.14938085,0.0524951,0.07206874,0.0825242,-0.06438603,0.036824364,0.05467154,0.021479944,-0.080827735,0.0022340957,0.012198277,-0.015887061
7.8999999999999195,0.079639226,0.07060723,0.03566864,0.08886349,-0.027403602,-0.029369771,0.044865705,-0.14079803,-0.0069059366,-0.09411464,0.010071609,0.051784396
7.919999999999919,0.09212421,0.07222538,-0.027497815,0.023620212,0.0039077997,0.0015329341,0.044791184,-0.121709496,-0.02993211,-0.016720753,0.005299635,0.08909484
7.939999999999919,-0.250086,0.064243495,0.062414788,0.015954886,-0.18041115,0.13158807,-0.024175784,0.17745219,-0.09021209,0.07352664,-0.014755446,-0.19418952
7.959999999999918,-0.2531263,0.06744767,0.09909546,0.18162765,-0.05094112,0.008372253,0.11778273,-0.009706339,-0.0572483,-0.058734536,0.026295085,0.03263709
7.979999999999918,0.17642468,0.00596568,0.03910155,0.0011642571,0.03656447,-0.013361784,0.028318835,-0.104796596,-0.018755877,-0.05241762,-0.008723974,0.10017666
7.999999999999917,0.1504621,0.054322124,-0.0012160325,-0.16135347,-0.11279731,0.1988215,-0.09187274,-0.06393065,-0.11695921,0.036444515,-0.033087324,-0.10964601
8.019999999999918,0.3501568,0.09313351,-0.118446134,-0.091070555,-0.070024505,0.03681378,-0.07003291,-0.21487486,-0.024970911,-0.05298049,-0.03244657,0.031972207
8.039999999999917,-0.103779376,0.110070616,0.08220632,-0.11420565,-0.30282444,0.25336048,-0.14433886,0.029884793,-0.19501251,0.03655909,-0.015424907,-0.37255532
8.059999999999917,-0.28902712,0.0732958,0.047186635,0.15778716,-0.09575459,-0.01876084,0.07831461,0.0489639,-0.08488648,-0.03722035,-0.011927405,0.0044216234
8.079999999999917,0.06900707,0.018456725,0.063377045,0.06259257,0.089431286,-0.03511911,0.06921124,-0.117491886,-0.018943185,-0.061373204,0.01177863,0.1304003
8.099999999999916,0.23398052,0.055875942,-0.06562303,-0.04800054,0.13209991,0.01841422,0.059368387,-0.16228417,0.0011002533,0.0018035043,0.00915065,0.2058852
8.119999999999916,0.028630778,0.074444845,-0.048546296,-0.077058166,-0.09338193,0.12865382,-0.03781642,0.03890451,-0.040277667,0.074840136,-0.018739004,-0.06216395
8.139999999999915,-0.3351663,0.072723195,0.10126855,0.054300953,-0.19499946,0.20172882,0.004108133,0.10863887,-0.11169341,0.049191155,0.05132814,-0.22606178
8.159999999999915,0.06257464,0.041605882,0.008778613,0.0894495,0.14544608,-0.0868822,0.10068075,-0.12326527,0.01087282,-0.061638393,0.004122205,0.23712753
8.179999999999914,0.025500825,0.05281069,0.011176784,-0.021917224,0.014892176,0.030830376,0.033509582,-0.025516156,-0.06105359,0.04180707,0.016973998,0.055157088
8.199999999999914,0.07279736,0.06762604,-0.00478842,-0.010868121,-0.11225543,0.055063855,-0.029670143,-0.026063964,-0.04271368,-0.018776199,-0.008120248,-0.06832062
8.219999999999914,-0.14083935,0.038329273,0.067945085,0.011691123,-0.11899484,0.07576895,0.011816965,0.050161242,-0.11453305,0.019431496,-0.0113081895,-0.103658184
8.239999999999913,0.018822756,0.037532914,0.07356373,0.040129818,-0.07028061,-0.0030259523,0.019369086,-0.028719507,-0.043584302,-0.050227277,-0.009716913,-0.028448531
8.259999999999913,0.004783746,0.028795948,0.06364993,-0.0045651826,-0.0038931742,-0.0016726763,0.028061077,-0.012622807,-0.072973244,0.0016678628,-0.011345737,0.014082295
8.279999999999912,0.21371542,0.068179406,-0.07638153,-0.0072910734,-0.040241525,0.0124882385,0.0011211094,-0.102762595,0.024414288,-0.037467144,-0.021760253,0.06126686
8.299999999999912,-0.053567123,0.07297762,0.056360677,-0.039431013,-0.13293809,0.11241556,-0.02419342,0.011759045,-0.102981545,0.022288961,-0.0065463,-0.14781809
8.319999999999911,0.1142842,0.044822156,-0.021794623,0.029324032,-0.06151604,-0.039440367,0.0016203569,-0.02809143,0.007392643,-0.056800216,-0.037920117,0.0136635965
8.339999999999911,-0.3167048,0.043551456,0.1287336,0.07685263,-0.099322975,0.1149822,0.049755767,0.07174124,-0.16654752,0.050765395,0.048158202,-0.09964897
8.35999999999991,0.04650392,0.02287684,0.052738868,0.055729166,0.083128534,-0.029732786,0.06533631,-0.06635735,-0.005841799,-0.035633765,0.013678439,0.12486115
8.37999999999991,0.44521984,0.062378928,-0.1551708,-0.06602994,0.10349026,-0.03751938,-0.0053567756,-0.21677755,0.082088076,-0.032318898,-0.02529894,0.22455284
8.39999999999991,-0.099275336,0.0880132,0.024789743,-0.12484742,-0.23221353,0.17341791,-0.1130284,0.124217674,-0.17871305,0.10468626,-0.032028623,-0.26749313
8.41999999999991,-0.23882769,0.053996447,0.08263482,0.085610844,-0.15532625,0.05071393,0.031330436,0.093516946,-0.09273632,-0.033778176,-0.024837662,-0.13385838
8.439999999999909,0.044935875,0.044795603,0.035732076,0.10798552,0.12774332,-0.122298755,0.0879875,-0.11449402,-0.0024984982,-0.0774247,0.0009233225,0.20553192
8.459999999999908,0.12671202,0.036876798,-0.033111833,-0.077400096,0.09546022,0.02738762,0.029448867,-0.057449237,-0.03052787,0.048127055,-0.016735293,0.12135687
8.479999999999908,0.28163537,0.07308963,-0.11545681,-0.09416564,0.017135888,0.056188993,-0.0291288,-0.12290451,0.023885226,0.0254347,-0.020542629,0.09815484
8.499999999999908,0.041025728,0.07174848,-0.06565598,-0.15672545,-0.07905614,0.1395487,-0.059103586,0.07644795,-0.076247714,0.09886316,-0.056604005,-0.08381535
8.519999999999907,-0.2217234,0.0639634,0.06689915,0.08190204,-0.19305725,0.117475644,0.002224388,0.07264298,-0.10152575,0.024007877,0.0296867,-0.15543635
8.539999999999907,0.09566383,0.017128758,0.052997984,0.075810626,0.09403032,-0.049839713,0.073357865,-0.14095497,-0.009507904,-0.06718175,0.0054938383,0.15303263
8.559999999999906,-0.022815403,0.026806224,0.07611013,-0.039486166,0.04251243,0.03434248,0.04591281,-0.013434518,-0.10501,0.019666718,0.002354905,0.00071351323
8.579999999999906,-0.10943273,0.04211785,0.045825403,0.048885427,-0.024396297,0.018734707,0.038289413,0.0036013382,-0.068241864,0.021890933,0.0023963414,0.013722341
8.599999999999905,-0.16617562,0.056552153,0.097801656,0.07609574,0.0053766593,0.029527746,0.08217139,-0.028042737,-0.10983973,-0.008114941,0.03914346,0.014435546
8.619999999999905,-0.043102358,0.061173413,-0.0026013097,0.06880813,0.02349995,-0.04703372,0.046006672,-0.030796736,-0.033662498,-0.00064336415,0.0075682476,0.08667355
8.639999999999905,-0.054237943,0.09556116,0.024398495,0.06451634,-0.09975691,0.019238336,0.02144794,-0.069168754,-0.06773534,-0.041699257,0.0123476945,-0.04489463
8.659999999999904,-0.03133628,0.07883783,0.028288033,0.093530804,-0.10729458,-0.026814483,0.022663983,-0.042000115,-0.04920668,-0.05575469,0.0034796186,-0.01882214
8.679999999999904,-0.08850019,0.061781134,0.004431404,0.07810604,-0.04846791,-0.004135139,0.054019198,-0.0006080158,-0.05074265,0.008391542,0.0073301084,0.030368784
8.699999999999903,0.2613244,0.056799807,-0.033090167,-0.054814268,-0.02993594,0.06886562,-0.028130734,-0.19288339,-0.030751256,-0.05127102,-0.0022951402,0.013940004
8.719999999999903,0.37206346,0.04815699,-0.081533484,-0.12508549,-0.037422635,0.03605847,-0.054884903,-0.15524559,-0.03779623,-0.013636583,-0.03686748,0.08300203
8.739999999999903,-0.040473405,0.06974349,0.077494435,-0.0933558,-0.20516653,0.1850783,-0.0803215,0.039085504,-0.15060236,0.01685311,-0.026442952,-0.2607657
8.759999999999902,-0.28046957,0.055521592,0.06418003,0.13837923,-0.09757599,0.009198039,0.07301184,0.0750435,-0.061309256,0.002610717,0.004562281,-0.008697711
8.779999999999902,0.087027326,0.024078993,0.03925903,0.033165853,0.15669607,-0.028623872,0.0956071,-0.11450322,-0.016035948,-0.022652913,0.021159902,0.20508832
8.799999999999901,0.27978092,0.07063201,-0.09294952,-0.060580656,0.040901497,-0.012798633,0.006572593,-0.111921996,0.024038484,-0.015169719,-0.01508731,0.13016951
8.8199999999999,0.2488625,0.0804809,-0.114990644,-0.12471529,-0.064540006,0.09052737,-0.06711772,-0.08629043,-0.026921112,0.053912006,-0.02027691,0.0068943654
8.8399999999999,-0.1770963,0.08394148,0.0036247298,-0.043594383,-0.16024934,0.15068284,-0.029990016,0.115100875,-0.10725294,0.09065925,-0.015120358,-0.17915004
8.8599999999999,-0.21449943,0.0659001,0.08075134,0.1916975,-0.07870585,0.0012318855,0.09857482,-0.018453225,-0.054339364,-0.035570867,0.053538803,0.04224667
8.8799999999999,0.24002141,0.023995448,-0.025229916,0.0032769772,0.15043831,-0.059360243,0.058784068,-0.18841277,0.012101749,-0.036719833,0.0055349916,0.22231269
8.899999999999899,0.33539703,0.06793824,-0.1275149,-0.11958324,-0.033223804,0.054409523,-0.053977378,-0.1177434,0.006244587,0.029143987,-0.04306274,0.07825245
8.919999999999899,-0.21505071,0.07555854,0.059692457,-0.07893906,-0.20369573,0.20584147,-0.0700642,0.13207705,-0.16134329,0.101781495,-0.010982383,-0.25118652
8.939999999999898,-0.33779722,0.04860106,0.1274263,0.18634285,-0.08709934,0.047425285,0.1073755,0.06782125,-0.08403859,-0.022944212,0.047178287,-0.01755133
8.959999999999898,0.0154563,0.055156026,0.059865125,0.13843222,0.21138261,-0.13513952,0.12116863,-0.1750969,-0.004128536,-0.060172655,0.03848243,0.30387574
8.979999999999897,0.11707254,0.0401913,0.0031606779,-0.04105994,-0.021586295,0.052369904,-0.003024052,-0.04929638,-0.036965076,0.019706434,0.002410777,0.009802823
8.999999999999897,0.0061600767,0.07012208,0.023507059,0.01029137,-0.12756956,0.030473135,-0.01738987,-0.0127813555,-0.057718255,-0.014292998,-0.0078279935,-0.07868953
9.019999999999897,-0.12229265,0.0688148,0.06220389,0.049526915,-0.16205738,0.04389681,0.0053399736,0.015798632,-0.10663886,-0.023328245,-0.014107499,-0.12281856
9.039999999999896,0.2053243,0.027665274,-0.038891073,-0.004847731,-0.042931933,-0.06331301,-0.024035228,-0.07391356,-0.00772319,-0.053440064,-0.07083685,0.05243376
9.059999999999896,0.07712487,0.040364876,0.040016413,-0.11488084,-0.08366312,0.11052952,-0.053582355,-0.03808509,-0.13358253,0.04172256,-0.026302965,-0.09087244
9.079999999999895,0.17867525,0.056634102,-0.070537806,-0.052763462,-0.14337215,0.070442006,-0.07758308,-0.046565,-0.016105354,-0.004288979,-0.066022575,-0.06330246
9.099999999999895,0.11282271,0.046730608,-0.021882603,-0.010518704,-0.10645778,0.0072980793,-0.0111968,-0.01906946,-0.027396863,-0.036417283,-0.059264686,-0.03188528
9.119999999999894,-0.026072264,0.032067545,0.015085511,-0.0070099556,-0.07817823,0.06476645,0.009594623,0.049308453,-0.06281263,0.001631001,-0.0325431,-0.056067176
9.139999999999894,0.077850446,0.029750181,-0.01808673,0.0046159658,0.02514904,-0.011386346,0.027368577,-0.003685031,0.014292186,-0.0067038997,-0.027196534,0.07393884
9.159999999999894,0.18183933,0.06120624,-0.13081634,-0.018113721,-0.02512665,0.030674927,0.0069284593,-0.017934322,0.04349388,0.024729313,-0.030984297,0.11160365
9.179999999999893,0.31712177,0.0547605,-0.1412358,-0.10514161,-0.013447912,0.06319385,-0.043382227,-0.07500282,0.038697965,0.023083618,-0.057503577,0.0751735
9.199999999999893,0.48862186,0.088840306,-0.22337523,-0.17646031,-0.064152166,0.11267794,-0.110034764,-0.17758414,0.031966798,0.024029234,-0.06218884,0.099866204
9.219999999999892,0.18575726,0.16362415,-0.12007969,-0.160802,-0.29616648,0.15429467,-0.21050571,-0.056728788,-0.082168095,0.04228566,-0.08031601,-0.22880206
9.239999999999892,-0.12324308,0.090467125,-0.049836036,0.035178743,-0.2327262,0.06616734,-0.033454522,0.10781059,-0.058311693,0.026906407,-0.056798965,-0.13219747
9.259999999999891,-0.18949543,0.05083949,0.026509602,0.10254715,-0.046745762,0.01725402,0.057537533,0.0623188,-0.04115379,0.010588737,0.0032725409,0.026230665
9.279999999999891,0.43827334,0.032032717,-0.159103,-0.020933323,0.21397837,-0.07620434,0.054275386,-0.22659515,0.11298278,-0.017355103,-0.009434247,0.3877714
9.29999999999989,0.50945073,0.112799644,-0.3110785,-0.1776738,-0.046960734,0.1254668,-0.07472502,-0.10073571,0.09759106,0.05513124,-0.07441754,0.15130569
9.31999999999989,0.1682112,0.13778187,-0.14478847,-0.1732425,-0.19905744,0.20391016,-0.1352864,0.03879139,-0.03370771,0.06277666,-0.06562611,-0.15140939
9.33999999999989,-0.070239455,0.07104935,-0.028790943,0.0032229829,-0.16121313,0.077755935,-0.01505908,0.093869984,-0.032172233,0.016981417,-0.05274818,-0.09962409
9.35999999999989,0.2556336,0.035793267,-0.07439976,0.024820624,0.07402144,-0.06144817,0.04511393,-0.15244493,0.033381186,-0.050186045,-0.022194648,0.2213253
9.379999999999889,0.24468742,0.037276737,-0.08034109,-0.08260045,-0.016548526,0.040084735,-0.009107202,-0.065102436,-0.007765143,0.008790966,-0.04762699,0.062289014
9.399999999999888,0.26902136,0.03336732,-0.116601914,-0.10739917,-0.0045031793,0.080129676,-0.009020241,-0.057446837,-0.0007418599,0.02963725,-0.061618246,0.080986716
9.419999999999888,-0.02966784,0.04494326,-0.04396233,-0.09844433,-0.11389978,0.10676364,-0.0520238,0.12904532,-0.095127866,0.0900642,-0.051406674,-0.07884629
9.439999999999888,0.083553046,0.032127507,0.039362364,-0.01963664,-0.17275931,0.042963933,-0.059591882,-0.007446073,-0.07673697,-0.05772371,-0.064053535,-0.13366964
9.459999999999887,0.2810276,8.90065e-05,-0.028914563,-0.12035292,-0.037590366,0.07009808,-0.05322799,-0.13102122,-0.07675753,0.0008743182,-0.060749985,0.050165765
9.479999999999887,0.41610798,0.048716716,-0.09751611,-0.13634522,0.0130946785,0.04203256,-0.04355155,-0.18634757,-0.022159372,-0.019989844,-0.023361992,0.119926736
9.499999999999886,0.35623482,0.0903565,-0.16555747,-0.18089437,-0.14143306,0.127559,-0.13532487,-0.10250716,-0.030352952,0.04679533,-0.08816203,-0.01864261
9.519999999999886,-0.10943331,0.08369297,-0.02252194,-0.07129158,-0.21601601,0.12181806,-0.08401336,0.14162998,-0.11817624,0.07189497,-0.04828337,-0.21280465
9.539999999999885,-0.19668253,0.054405577,0.06462528,0.14506568,-0.1121968,0.003517006,0.056844242,0.022140961,-0.07824814,-0.045496978,0.0012918692,-0.03550086
9.559999999999885,0.42338777,0.018722527,-0.12575099,-0.03630441,0.14622863,-0.040817052,0.039730653,-0.18321674,0.084738344,-0.046783,-0.03777737,0.29651228
9.579999999999885,0.1730898,0.09151104,-0.12824783,-0.13167877,-0.10257147,0.108299516,-0.07226721,0.037122026,-0.03171916,0.08870702,-0.04315669,-0.01600994
9.599999999999884,0.14914915,0.07610698,-0.11043032,-0.058540806,-0.13076659,0.093117036,-0.07072817,-0.008590203,0.009432359,0.02626766,-0.05137275,-0.07021676
9.619999999999884,0.28231803,0.04455258,-0.060339488,-0.0973564,-0.09209563,0.080417514,-0.06264973,-0.117809385,-0.028823776,-0.026480595,-0.07019381,-0.018880041
9.639999999999883,0.26941046,0.04002525,-0.11607651,-0.15086317,-0.026046861,0.083442666,-0.051816344,-0.04346604,-0.020956188,0.040988617,-0.076982334,0.058006324
9.659999999999883,0.32288653,0.08111065,-0.17391056,-0.11901954,-0.05472271,0.062496915,-0.048648246,-0.06526969,0.034581877,0.015731132,-0.069318295,0.058033176
9.679999999999882,0.0023155697,0.04790031,-0.038980663,-0.07421421,-0.16439627,0.13028087,-0.06342231,0.124194115,-0.06830811,0.06490559,-0.051110663,-0.1399394
9.699999999999882,-0.036484595,0.015995726,0.057468683,0.049200676,-0.10140241,0.018003725,0.02102507,0.020463075,-0.049759526,-0.03529098,-0.04935348,-0.054285236
9.719999999999882,-0.11251186,-0.032611176,0.11490872,0.019165855,0.001137834,0.014668742,0.05635775,0.06965672,-0.10084575,0.016258642,-0.033281207,0.026287317
9.739999999999881,0.15513124,0.011014709,-0.015807915,-0.018893555,0.094780445,-0.03903042,0.044585325,-0.04771956,0.0016156994,-0.024828583,-0.038112715,0.15076442
9.75999999999988,0.14913833,0.048410933,-0.048140123,-0.07307516,-0.020617008,0.05560577,-0.015399784,-0.046760134,-0.036010697,0.015180238,-0.039961115,0.01954171
9.77999999999988,-0.14687155,0.059767175,0.023265861,0.007451681,-0.13687795,0.09558002,-0.01994698,0.07679105,-0.08652097,0.04209421,-0.031500313,-0.124880016
9.79999999999988,-0.044632014,0.06041127,0.030942425,0.12267495,-0.08640623,-0.041415907,0.051317662,-0.025242649,-0.030812165,-0.07443963,-0.028327879,0.031710334
9.81999999999988,-0.091360375,0.023857687,0.050249882,0.04850218,-0.058797065,-0.0024810801,0.02894829,0.043564368,-0.061433226,0.0060957354,-0.035229646,-0.0043194033
9.839999999999879,-0.14235501,0.029559957,0.09775204,0.121662475,-0.18420301,0.035056625,0.030082613,0.07213988,-0.056895763,-0.046015114,-0.010075808,-0.115712956
9.859999999999879,0.079640225,0.016680326,0.016289301,0.065406404,-0.017684743,-0.016463313,0.050306395,-0.055857904,0.0030061807,-0.044831835,-0.026611455,0.0818632
9.879999999999878,-0.027324498,0.05489381,0.0054047443,0.03250708,-0.09615359,0.043312393,0.018207299,0.016374236,-0.03495904,0.00047656707,-0.021871695,-0.034538396
9.899999999999878,-0.026563708,0.039710425,0.04849852,1.0324176e-05,-0.16674654,0.09224732,-0.030168721,0.062932365,-0.07529827,-0.014450592,-0.028568571,-0.15302387
9.919999999999877,0.08683165,0.054208618,0.0016481727,0.017166363,-0.12819585,-0.013176164,-0.0098514985,-0.01380197,-0.045675322,-0.07160277,-0.047600128,-0.032790802
9.939999999999877,0.22676907,0.06767169,-0.08894446,-0.017142674,-0.07983313,-0.010058748,-0.04188563,-0.08232249,0.009949656,-0.015753588,-0.035745434,0.044188306
9.959999999999877,0.10639122,0.081900105,-0.07107729,-0.055767834,-0.16287321,0.11235117,-0.055945605,0.022404142,-0.016072161,0.022188654,-0.045410678,-0.092831366
9.979999999999876,0.06595666,0.08915881,-0.059330225,0.0094803,-0.13667259,0.080963016,-0.018188221,-0.006259972,0.022829631,-0.012817286,-0.01968516,-0.07102613
9.999999999999876,0.09073636,0.063291624,-0.071314774,0.006072358,-0.05983314,0.019179009,-0.0017519146,-0.014695248,0.00056474097,0.015063403,-0.0021908395,0.03703355
10.019999999999875,0.38710073,0.073601544,-0.21126533,-0.045430213,0.028596707,-0.029212367,-0.00632206,-0.09118956,0.11386351,-0.025997313,-0.059169635,0.18732712
10.039999999999875,0.2261189,0.09893677,-0.1673595,-0.14345647,-0.088230096,0.10026777,-0.0836163,0.0040866714,0.005924793,0.07428449,-0.060225595,-0.006100934
10.059999999999874,0.14508502,0.11058909,-0.19040355,-0.08490568,-0.12719327,0.09259588,-0.060396127,0.032236163,0.02012431,0.06405017,-0.06423954,-0.020925427
10.079999999999874,0.056069084,0.07206188,-0.05473691,-0.012357075,-0.15134828,0.05330646,-0.041545555,0.052862957,0.0015365835,0.019722285,-0.03983087,-0.08293903
10.099999999999874,0.11045396,0.024382021,-0.029044645,-0.0106689595,-0.006928321,-0.007235208,0.020002767,-0.00047148205,0.012790134,-0.0057788463,-0.05926268,0.059712358
10.119999999999873,0.16155368,0.0057182256,-0.037671644,-0.09182998,-0.0035720281,0.05144237,-0.00663686,0.014597487,-0.018979419,0.027533332,-0.07725276,0.04891377
10.139999999999873,0.22853717,0.029259268,-0.08092154,-0.11397016,0.019238934,0.048997127,-0.011594119,-0.031997077,-0.019246086,0.03196884,-0.048317704,0.092749536
10.159999999999872,0.33722922,0.064134136,-0.14250338,-0.08594614,-0.030233609,0.033460997,-0.033661798,-0.107084684,0.027893161,-0.012540031,-0.054724585,0.08249725
10.179999999999872,0.13247663,0.07337853,-0.054299988,-0.112101,-0.12469253,0.13640597,-0.06858697,-0.030596644,-0.09554669,0.050354555,-0.015452646,-0.06389898
10.199999999999871,0.033910885,0.04785865,-0.03938464,0.0074130367,-0.095795,0.009085744,-0.0068505574,0.053552903,-0.006039642,0.007339606,-0.06623664,-0.02477233
10.219999999999871,0.07917681,0.012242425,0.012981933,0.00709776,-0.046864502,-0.0060321107,0.018803157,7.109344e-05,-0.010851616,-0.01711202,-0.05644334,0.018176936
10.23999999999987,0.5033717,0.027981415,-0.1599189,-0.109015256,0.07683418,0.02092549,-0.018481964,-0.23632152,0.035338394,-0.015327092,-0.043224864,0.25263444
10.25999999999987,0.32031807,0.12034896,-0.17774859,-0.23042028,-0.17620684,0.16962408,-0.17221372,-0.016521651,-0.04316867,0.09110956,-0.08766878,-0.06460641
10.27999999999987,0.022904709,0.08478451,-0.1283294,-0.092664465,-0.20119339,0.14417939,-0.104866564,0.12979937,-0.019817028,0.10048032,-0.091229424,-0.1560584
10.29999999999987,-0.020501826,0.052002266,-0.015826814,-0.040568195,-0.16560519,0.117184825,-0.054974467,0.05359278,-0.068039365,0.038494647,-0.0417317,-0.12380576
10.319999999999869,0.17332257,0.03583347,-0.040379457,-0.008125687,0.06258626,-0.018936519,0.037110075,-0.096279554,0.003376782,-0.026221052,-0.034343734,0.15928592
10.339999999999868,0.49826804,0.038705535,-0.1929285,-0.13030815,0.0725366,0.061944794,-0.011122281,-0.17709613,0.08042215,0.013515247,-0.059922677,0.25260022
10.359999999999868,0.37503573,0.09857775,-0.17007968,-0.24154407,-0.090198606,0.20368037,-0.12786604,-0.105238006,-0.032333422,0.08344037,-0.059037544,0.035533227
10.379999999999868,0.11242278,0.102760136,-0.12919074,-0.12035307,-0.13696313,0.13871773,-0.08878139,0.03652033,-0.03244908,0.080434926,-0.043869086,-0.073583454
10.399999999999867,-0.017958712,0.07852752,-0.06535891,-0.019228067,-0.13152203,0.05036378,-0.031758927,0.093158215,-0.030936051,0.055534862,-0.041593447,-0.060957424
10.419999999999867,0.04930664,0.039659724,-0.029859282,0.028843502,-0.008539174,-0.020548426,0.03182996,-0.017419437,-0.024102088,-0.020651676,-0.04732401,0.06780023
10.439999999999866,0.46999335,0.01875138,-0.12084765,-0.10146084,0.044194534,0.029135961,-0.024907513,-0.20841195,0.020680977,-0.041768968,-0.04339578,0.18733454
10.459999999999866,0.398142,0.07402263,-0.1661692,-0.1919002,-0.06533483,0.09698775,-0.10002135,-0.09511571,-0.014886326,0.058823325,-0.0625009,0.05808814
10.479999999999865,0.18217783,0.0793045,-0.07904311,-0.114097126,-0.1471526,0.1291708,-0.08961192,-0.014414156,-0.030843234,0.04673338,-0.060353395,-0.08618666
10.499999999999865,0.34543705,0.0440619,-0.121712774,-0.07014236,0.021094523,-0.027229864,-0.023252605,-0.14265151,0.004591856,-0.018828355,-0.053668603,0.14555605
10.519999999999865,0.20862429,0.06811197,-0.13017043,-0.09664018,-0.08888807,0.036837805,-0.06019769,0.02111844,0.004421275,0.047129273,-0.08162865,0.02437118
10.539999999999864,0.14558883,0.06008636,-0.08939148,-0.119131364,-0.041819777,0.11883685,-0.037705295,-0.025544439,-0.042748116,0.05868659,-0.05344276,0.014719207
10.559999999999864,0.39818624,0.048538826,-0.17032918,-0.12007475,0.0140093565,0.064171694,-0.037437588,-0.12940383,0.042333357,0.018103698,-0.043122403,0.14116833
10.579999999999863,0.5437732,0.10417923,-0.32833344,-0.19958909,-0.06139108,0.10737423,-0.11791466,-0.11193745,0.07185912,0.06151388,-0.094430625,0.16515516
10.599999999999863,0.29017076,0.13035613,-0.28044486,-0.21582702,-0.16134784,0.17370415,-0.16119133,0.018660683,-0.015437689,0.12607841,-0.08737601,-0.012862468
10.619999999999862,-0.13201877,0.10085462,-0.09642161,-0.05651238,-0.29497755,0.17332011,-0.14438836,0.20655385,-0.072696224,0.11047276,-0.07681778,-0.2549409
10.639999999999862,0.21101852,0.040318966,-0.1029012,0.045835912,0.041382924,-0.08489817,0.024047544,-0.098421186,0.061122112,-0.06498963,-0.05113482,0.18980236
10.659999999999862,0.7651099,0.009197023,-0.30704582,-0.19454233,0.14745991,0.08848379,-0.014532605,-0.26224956,0.12556781,0.01490573,-0.09130098,0.40807635
10.679999999999861,0.6118592,0.16934544,-0.3778125,-0.27690086,-0.15348196,0.24552453,-0.1998737,-0.08084152,0.091516376,0.10601897,-0.1186139,0.11514746
10.69999999999986,0.037106946,0.13938493,-0.26970366,-0.16161345,-0.25445265,0.24239473,-0.1777104,0.23669732,0.02775885,0.18461686,-0.13253152,-0.17027506
10.71999999999986,0.108195096,0.050154462,-0.08718186,0.00421451,0.02399218,0.00049844617,0.029140634,-0.0075566415,0.029687302,-0.00080055,-0.04184059,0.11308171
10.73999999999986,-0.084356576,0.009082526,-0.021985332,0.027553976,-0.0239856,-0.013204588,0.04003281,0.12447067,-0.028199418,0.060274936,-0.068463,0.070342526
10.75999999999986,0.49501878,0.01630759,-0.22260019,-0.022915516,0.18907122,-0.11426245,0.0348399,-0.14560549,0.15115823,-0.045164987,-0.100000545,0.39491025
10.779999999999859,0.42877397,0.11233476,-0.3093918,-0.20804952,-0.10860157,0.1671286,-0.11933784,-0.005643517,0.06349496,0.12841636,-0.10442929,0.09954219
10.799999999999859,-0.012519997,0.11808069,-0.16704866,-0.12673804,-0.26679438,0.14878759,-0.16513017,0.22973685,-0.03397868,0.12242802,-0.11622994,-0.18993494
10.819999999999858,-0.24460097,0.05366056,0.0069644004,0.12642251,-0.18373765,-0.010925895,0.015999831,0.1798307,-0.07246116,-0.0148675665,-0.0467008,-0.06972381
10.839999999999858,0.18630272,0.027415741,-0.05908028,0.08391332,0.09831406,-0.1341413,0.062389262,-0.10470941,0.055006027,-0.068398505,-0.03312342,0.23963895
10.859999999999857,0.39461878,0.040874552,-0.15223202,-0.09927542,0.03395644,0.022778511,-0.017930865,-0.13689557,0.016113872,0.021100746,-0.051876135,0.19077423
10.879999999999857,0.34634092,0.06668973,-0.109179005,-0.24168833,-0.10957269,0.18395829,-0.14482905,-0.12110847,-0.09369121,0.07270158,-0.07248773,-0.009753108
10.899999999999856,0.5936364,0.06584953,-0.19167423,-0.2273448,-0.07470754,0.12681592,-0.15125461,-0.2716198,-0.038054623,0.041637264,-0.056048967,0.14197797
10.919999999999856,0.30949688,0.10429989,-0.14319882,-0.2195849,-0.19710428,0.20954084,-0.17278212,-0.05541136,-0.07057181,0.090395965,-0.087802745,-0.104308054
10.939999999999856,0.35056463,0.07717641,-0.15064934,-0.12648039,-0.1319702,0.07910425,-0.11618457,-0.09679501,-0.0026265774,0.03320785,-0.07846735,0.0140463
10.959999999999855,0.30500922,0.035611585,-0.083778255,-0.1315376,-0.042568114,0.060912088,-0.052931644,-0.094793275,-0.051068835,0.01094389,-0.06956525,0.044671677
10.979999999999855,0.52366894,0.049216878,-0.17260554,-0.16437064,-0.036365397,0.08897217,-0.08667692,-0.21146132,0.004367901,-0.0057850294,-0.060543284,0.13543563
10.999999999999854,0.5491716,0.060584705,-0.2124686,-0.2373614,-0.06147232,0.14317657,-0.1472798,-0.18238796,0.0065382123,0.07232452,-0.08875936,0.12367334
11.019999999999854,0.43038186,0.06708823,-0.18866387,-0.23857975,-0.044600077,0.19070475,-0.10729548,-0.08673488,0.001962902,0.0808331,-0.08946772,0.08875702
11.039999999999853,0.55223924,0.0830196,-0.27748996,-0.2123562,0.0065501854,0.10927977,-0.075514674,-0.1466918,0.074500605,0.047794648,-0.07020514,0.20364216
11.059999999999853,0.1815213,0.11025289,-0.14929387,-0.21285532,-0.18159033,0.22665955,-0.15313213,0.057802804,-0.0394321,0.10170794,-0.097553864,-0.1313682
11.079999999999853,0.00463818,0.08682557,-0.05711038,-0.018399695,-0.10571601,0.032089222,-0.012978127,0.01848559,-0.047699712,0.0003158776,-0.046631377,-0.054183625
11.099999999999852,-0.04377349,0.005463846,0.017563205,0.028687526,0.02424249,-0.0005890173,0.05727765,0.050025973,-0.042168226,0.022933813,-0.0236561,0.07913937
11.119999999999852,0.33924758,-0.00487905,-0.06589978,-0.049619615,0.1435722,-0.0602908,0.03058913,-0.15089422,0.044690125,-0.0253282,-0.045741886,0.24281526
11.139999999999851,0.52636063,0.05854022,-0.20732465,-0.22376804,0.056492493,0.13586394,-0.043416746,-0.15923709,0.03105179,0.054735832,-0.0650913,0.23127824
11.159999999999851,0.7087561,0.09871954,-0.29788572,-0.28034955,-0.06665164,0.22651339,-0.1893469,-0.2918517,0.035462856,0.06810703,-0.07305685,0.19277143
11.17999999999985,0.3446072,0.17173418,-0.22629902,-0.24535713,-0.26677537,0.24509567,-0.23509997,-0.06948423,-0.03875708,0.09044903,-0.106467396,-0.14945884
11.19999999999985,-0.22086029,0.113336086,-0.058966108,-0.011947133,-0.30757642,0.121737234,-0.10250552,0.17126435,-0.121576235,0.09822702,-0.06233527,-0.2394526
11.21999999999985,-0.3310334,0.039587423,0.08336542,0.2096755,-0.07726798,-0.013909176,0.11472614,0.08828724,-0.07006676,-0.022749793,0.00844099,0.072818026
11.23999999999985,0.53466827,0.014293682,-0.115616,0.0052878777,0.31285298,-0.11195571,0.07712847,-0.3379414,0.09448124,-0.06996073,0.0034099072,0.5279704
11.259999999999849,0.5165906,0.19215415,-0.29382682,-0.19226564,-0.20415322,0.15272246,-0.18601482,-0.19974989,0.02323289,0.051494606,-0.061654393,0.02354327
11.279999999999848,-0.031471703,0.10906161,0.008658091,-0.14933471,-0.36171812,0.22365491,-0.20803677,0.11526584,-0.15397786,0.07984676,-0.11821905,-0.36532295
11.299999999999848,-0.018710885,0.03008229,0.07163749,0.07989801,-0.11718134,-0.018592661,0.028110722,-0.055107296,-0.0798026,-0.086882666,-0.04462215,-0.017196326
11.319999999999848,0.35538247,-0.02575818,-0.0050987536,-0.06661331,0.09070782,-0.014969118,0.0061433,-0.19300869,-0.03681148,-0.051637158,-0.042964377,0.1882017
11.339999999999847,0.68841684,0.035333004,-0.24383956,-0.20413691,0.06363699,0.06880469,-0.07575907,-0.2510797,0.060659394,0.026845494,-0.058551546,0.29508683
11.359999999999847,0.22178948,0.12880403,-0.08627198,-0.2397935,-0.27184707,0.30390176,-0.23514248,-0.065832354,-0.10201892,0.080077305,-0.10752322,-0.21565889
11.379999999999846,-0.16041242,0.06953673,-0.039551444,-0.05992482,-0.14712615,0.107003085,-0.034922794,0.1729424,-0.09600823,0.07080726,-0.062049307,-0.123493984
11.399999999999846,-0.06468339,0.052523836,-0.039757982,0.11542879,0.08843526,-0.06885679,0.103744306,-0.020127863,0.014618913,0.0038069766,-0.012644814,0.20372061
11.419999999999845,0.7550648,0.009596426,-0.26676401,-0.15818089,0.24763806,0.02815308,0.011365863,-0.33424214,0.13175805,-0.011610527,-0.028776962,0.4760471
11.439999999999845,0.3837078,0.18261349,-0.2940693,-0.2921222,-0.1944729,0.28314367,-0.19725716,-0.007736467,0.00948715,0.1393143,-0.104333535,-0.040929556
11.459999999999845,-0.2180733,0.122633085,-0.050639905,-0.0020082933,-0.30120516,0.20372432,-0.08808946,0.14277734,-0.07961181,0.08632794,-0.015367529,-0.2763846
11.479999999999844,-0.07370207,0.060058165,-0.021691022,0.15748566,0.10898666,-0.13416746,0.11027712,-0.03738096,0.031949013,-0.050747074,-0.029848095,0.24332711
11.499999999999844,0.35352257,-0.013876021,-0.058129434,-0.059489407,0.14560433,-0.058294542,0.024688352,-0.130425,0.034029998,-0.022182506,-0.04938169,0.23117137
11.519999999999843,0.4013902,0.078726366,-0.21366784,-0.13591997,0.017832465,0.047398034,-0.034744352,-0.123558,0.02726748,0.039744027,-0.04834243,0.1662747
11.539999999999843,0.10842377,0.103051305,-0.10717561,-0.17413229,-0.14511532,0.1469271,-0.11602284,0.05558767,-0.07230461,0.09516571,-0.0676962,-0.116078034
11.559999999999842,0.04758026,0.07171415,-0.062182494,-1.1459924e-06,-0.21316174,0.019951997,-0.07509078,0.06854834,-0.030584168,-0.023407847,-0.10490054,-0.13256021
11.579999999999842,-0.043492,0.039670713,0.04124898,0.06804452,-0.07273279,-0.003524845,0.03229334,-0.010110814,-0.06145969,-0.035480626,-0.022160096,-0.009841293
11.599999999999842,0.41120234,-0.01452231,-0.094866134,-0.057747293,0.110503,-0.05320054,0.0037457086,-0.18402939,0.019590454,-0.043554515,-0.058527537,0.2272446
11.619999999999841,0.24369322,0.052523322,-0.10826361,-0.14761524,-0.054208726,0.08238878,-0.057666816,-0.006407367,-0.021137638,0.05763016,-0.07735426,0.011848002
11.63999999999984,0.053500943,0.06470816,-0.06843577,-0.04492894,-0.090851724,0.089183316,-0.019008396,0.033752218,-0.02446914,0.03523536,-0.037966803,-0.047506347
11.65999999999984,0.3165094,0.044110112,-0.115350224,-0.09210127,-0.025848325,0.061130904,-0.041292064,-0.13737994,-0.001851242,0.0042394083,-0.03777509,0.0794207
11.67999999999984,0.35864297,0.073099196,-0.09931738,-0.12908944,-0.09358561,0.109943666,-0.09159329,-0.16698986,-0.023448737,-0.00775609,-0.03315555,-0.006122876
11.69999999999984,0.22109741,0.05205871,-0.1158521,-0.15036868,-0.06832108,0.09085726,-0.065688774,0.009084214,-0.038501352,0.06582982,-0.06555765,0.008922207
11.719999999999839,0.1771812,0.059316333,-0.09425803,-0.12489427,-0.0398453,0.093066,-0.03893523,-0.016440155,-0.04548507,0.049550064,-0.040211927,0.038735524
11.739999999999839,0.10993324,0.05994685,-0.050618302,-0.07237271,-0.119652286,0.08175961,-0.05091039,0.04280054,-0.012397513,0.02109445,-0.055089824,-0.06517149
11.759999999999838,0.28135782,0.041582208,-0.10735764,-0.034240343,-0.01419949,-0.031872313,-0.011959543,-0.07166591,0.027962161,-0.030909747,-0.055676904,0.10278105
11.779999999999838,0.06404612,0.048672006,-0.057006598,-0.119854115,-0.12697923,0.12048019,-0.07922801,0.08430983,-0.053040177,0.077409424,-0.07608293,-0.08607254
11.799999999999837,0.054740265,0.024326002,-0.019163903,-0.033111345,-0.10764779,0.075728744,-0.018968826,0.039765395,-0.039818626,0.016480397,-0.0534292,-0.058383092
11.819999999999837,0.36354527,0.008001946,-0.06062835,-0.08439852,0.05044546,-0.024830353,-0.02849562,-0.15027511,0.0066583287,-0.020895582,-0.046751644,0.14349696
11.839999999999836,0.3099821,0.04690792,-0.15391138,-0.16303802,-0.043633077,0.094854414,-0.06621029,0.0038308604,0.015853064,0.0660597,-0.09590836,0.064353734
11.859999999999836,0.41221416,0.09643316,-0.2311342,-0.15864466,-0.03264855,0.100751534,-0.07396417,-0.122722,0.037049115,0.0502119,-0.05340764,0.121088006
11.879999999999836,0.24427864,0.11775473,-0.1893417,-0.14408322,-0.16771284,0.1538028,-0.10291365,-0.021996163,-0.006167506,0.054543123,-0.07908533,-0.06399934
11.899999999999835,0.12840447,0.08781856,-0.05108985,-0.12076444,-0.20779087,0.15063389,-0.10852261,-0.0048518553,-0.07654518,0.025244107,-0.06759542,-0.15786093
11.919999999999835,-0.16919564,0.04160162,0.028697178,0.017203577,-0.16421323,0.06944552,-0.0052931476,0.12992474,-0.12734737,0.034901768,-0.02635676,-0.10397013
11.939999999999834,0.015513678,0.014572155,0.007051993,0.0662143,0.052606493,-0.04464774,0.07681976,-0.040104143,-0.011143168,-0.03585945,-0.034697197,0.1398731
11.959999999999834,0.34839317,0.02312615,-0.09562581,-0.11352691,0.082026646,0.0129147805,-0.010202801,-0.10241786,0.030100508,0.025416771,-0.03682156,0.1854958
11.979999999999833,0.50275433,0.06652844,-0.23642644,-0.23652045,0.043730386,0.13121375,-0.06159737,-0.117270276,0.050038874,0.07275397,-0.09706861,0.20867427
11.999999999999833,0.8191495,0.124027446,-0.3567817,-0.23351218,-0.08149426,0.17311275,-0.18740195,-0.3495575,0.07783444,0.018582726,-0.056995887,0.21917571
12.019999999999833,0.24502335,0.20552588,-0.21939781,-0.2563973,-0.336313,0.28148505,-0.26445565,-0.001464583,-0.065337256,0.13370296,-0.099665955,-0.20661226
12.039999999999832,-0.24064068,0.10049717,-0.052211434,0.048412766,-0.21023208,0.13018331,-0.021665465,0.13453075,-0.07128965,0.083467014,-0.019848302,-0.1595909
12.059999999999832,-0.21663149,0.06600986,0.030761346,0.20285204,0.095026344,-0.10338081,0.13584553,-0.010390315,-0.013300994,-0.0053766984,0.020047978,0.24707974
12.079999999999831,0.4588013,-0.029719051,-0.061720297,-0.05214354,0.23399533,-0.063561656,0.039083943,-0.24284807,0.058228932,-0.025526807,-0.03172069,0.3580293
12.099999999999831,0.31992438,0.075731605,-0.17203766,-0.15716319,-0.07192755,0.12092796,-0.07421416,-0.048494495,-0.0071514472,0.08218423,-0.06917422,0.040362448
12.11999999999983,-0.018097717,0.092721775,-0.04218723,-0.101973765,-0.17395599,0.13003328,-0.0862813,0.094482645,-0.084525414,0.054318987,-0.062375512,-0.17247589
