timestamp,action_0,action_1,action_2,action_3,action_4,action_5,action_6,action_7,action_8,action_9,action_10,action_11
0.0,29.875166,-29.15245,13.405216,5.360532,-10.794183,29.965866,-21.439262,-33.181984,69.82451,-16.778128,-31.005539,-13.197937
0.02,2.3278282,-3.624117,23.32687,-3.5339072,-8.964841,24.939484,-9.405772,-35.633354,51.44066,-8.436282,-11.510505,-0.5158944
0.04,4.124316,-6.6066675,11.835497,-2.905163,-7.9633613,15.3272,-3.2372518,-23.23825,36.5133,-6.956178,-7.2217035,-0.89696693
0.06,12.087341,-8.698909,8.412461,-6.1374316,-11.733173,20.134613,-6.184502,-20.98901,17.520027,1.0810376,-3.3298445,3.683462
0.08,6.4249,-5.293858,8.744707,0.085515,-4.2779036,18.685743,-4.326777,-11.413948,12.755853,-3.465934,-6.874146,2.2875717
0.1,3.7758183,-5.2171316,7.1403255,-0.2462416,-3.803946,14.120071,-3.0136478,-12.076719,12.934091,-3.5446868,-7.8175173,2.9977558
0.12000000000000001,2.6618726,-2.4747624,5.6692896,-1.6301215,-3.018414,12.886395,-3.306961,-11.165878,9.388979,-0.41684076,-3.1018207,1.9780021
0.14,4.5254164,-4.5597005,4.480587,-4.279383,-1.9488097,11.846604,-3.846956,-10.75307,5.5866256,0.42486742,-6.3312654,2.0507889
0.16,1.7837964,-1.8688638,4.365569,-1.4067187,-3.6355376,9.32788,-4.188561,-9.578003,6.0287633,-0.05585621,-2.3743472,1.9991612
0.18,3.95887,-3.6109643,8.113806,0.29467198,-3.0021212,12.381149,-4.3715796,-11.45191,12.564918,-4.845646,-7.0701866,3.1621437
0.19999999999999998,1.382066,-3.0016851,4.308709,-1.4252205,-3.3589816,9.007793,-2.2725377,-11.107637,10.752505,-2.5486693,-4.630294,1.6887802
0.21999999999999997,2.4326885,-4.203657,4.7019343,-0.5767181,-2.8672228,9.2378025,-1.4243329,-8.676536,9.459062,-3.797782,-6.120233,2.5530968
0.23999999999999996,1.2005342,-3.4565103,9.870163,2.6283998,-5.5601892,12.982763,-1.4782193,-14.001266,6.3918653,-0.5109726,-4.296254,7.725377
0.25999999999999995,2.5545201,-4.7071095,10.124585,-1.2950325,-5.873234,17.20665,0.849931,-15.898,5.6692233,-0.7205576,-6.296134,8.877232
0.27999999999999997,5.5475082,-2.8767357,9.794682,-1.7349048,-7.557335,18.422169,2.5209131,-17.880909,7.964979,-2.313057,-8.412314,8.373875
0.3,4.621089,-3.137664,9.885508,2.9352117,-7.3137054,16.356617,-0.19079234,-22.029018,10.610191,-4.031395,-6.4662447,5.686028
0.32,7.6220694,-5.4496384,9.178592,0.3517438,-6.2070117,16.963623,-2.477035,-19.95943,6.5240836,-3.0027587,-4.854144,3.5306306
0.34,2.4476402,-3.0225117,6.728113,-1.6820188,-2.6734538,14.476044,-6.924964,-11.688978,4.6341376,-1.1115552,-5.2749753,1.923471
0.36000000000000004,1.8170537,-2.745841,5.5791674,-2.5031486,-3.7989488,7.995105,-5.7906623,-11.430487,8.057509,-3.3148236,-5.3409104,1.8333553
0.38000000000000006,2.772643,-3.7934518,7.8690577,-1.8505701,-5.8619127,13.416216,-2.0403671,-11.432837,5.561301,-1.3303003,-3.7994242,6.168669
0.4000000000000001,5.8105783,-6.5756493,3.0608258,1.4369259,-7.240453,7.3819036,-9.975433,-13.814643,15.124988,-0.090157494,-1.5321305,1.3941047
0.4200000000000001,8.544643,-5.9495573,3.9702754,-3.8964953,-7.618698,5.6149616,-10.998327,-15.329074,17.08771,-2.2360115,-2.6596198,2.3339384
0.4400000000000001,8.880842,-5.8529215,5.085034,-4.0097113,-8.094002,6.5938087,-11.979874,-16.024645,18.35374,-3.3485968,-3.0490065,1.3214661
0.46000000000000013,7.7843003,-4.858404,4.613331,-2.9712777,-8.987304,7.7424116,-13.365284,-15.253302,17.782946,-4.1721187,-1.6392751,1.5164454
0.48000000000000015,7.243431,-4.6661515,6.44704,-4.5179124,-7.1814027,7.9161215,-12.275935,-15.772536,17.868427,-4.153191,-4.1174216,1.8056961
0.5000000000000001,5.738562,-3.0798206,5.9439797,-4.264157,-7.97615,7.628895,-9.4011345,-14.403713,16.071901,-6.406777,-4.2155223,1.4480231
0.5200000000000001,6.986619,-4.8846884,4.755641,-3.3531682,-8.032849,11.325861,-2.4961686,-14.955889,7.6844993,-1.0368809,-3.9825964,3.506394
0.5400000000000001,3.2248547,-4.117576,5.88517,-0.61801934,-2.7764385,11.094431,-4.481608,-8.793842,8.371258,-3.7069523,-5.4299746,1.8068109
0.5600000000000002,6.471068,-4.878599,6.8000765,-2.978761,-8.132843,15.908482,0.14978741,-20.359966,4.0130124,3.2839289,-7.933219,7.000117
0.5800000000000002,2.6496098,-2.7792819,5.443577,-1.4506336,-3.7420812,12.153641,-5.855491,-11.555725,6.304794,-1.9865932,-4.1244173,1.9959455
0.6000000000000002,0.7655239,-2.5513449,4.659046,-2.6788507,-2.3012006,9.794674,-2.5581563,-10.446775,6.8238215,-1.0105199,-3.028636,1.4082229
0.6200000000000002,0.57595474,-2.9639714,12.04195,5.943671,-7.15083,14.058061,2.3544014,-20.357542,8.725362,-3.385487,-4.318631,10.8039875
0.6400000000000002,9.368409,-7.9932575,12.194839,0.1471667,-5.936491,19.91802,-6.793464,-18.265854,17.683254,-5.4867406,-13.005179,0.596951
0.6600000000000003,2.6216972,-4.5109863,5.6687665,-1.7547345,-4.665796,12.102484,-6.2671957,-14.808276,15.55823,-3.9891155,-7.1948314,1.6260855
0.6800000000000003,11.438232,-8.280681,8.449519,-0.014832102,-12.673229,18.592945,-0.13724329,-26.290918,8.426978,1.6555089,-9.250166,9.116142
0.7000000000000003,18.097704,-9.566207,15.953009,8.974075,-17.939077,32.13568,-1.1744161,-42.948364,7.4101067,0.5489565,-11.487396,14.065529
0.7200000000000003,18.966124,-11.378755,19.314327,6.575714,-18.594381,40.926563,-3.2413359,-49.454582,7.7097373,-1.1758131,-10.6574135,14.699669
0.7400000000000003,16.72838,-10.860958,20.50793,5.921407,-17.20703,45.070015,-4.3029265,-52.16473,5.130088,0.40558878,-9.451917,14.508816
0.7600000000000003,8.125425,-9.280696,18.385838,1.0253053,-12.216481,39.597942,1.0345609,-40.016026,9.03218,-1.0310804,-8.452886,11.515415
0.7800000000000004,9.767498,-6.5593696,22.66238,-0.7026329,-13.966528,38.76157,8.099122,-40.55725,15.578523,-4.649485,-14.61311,21.869413
0.8000000000000004,10.333597,-5.5082617,19.961117,2.977985,-12.032057,32.28921,5.7773776,-37.850555,24.864376,-7.693916,-15.58107,12.368546
0.8200000000000004,6.9855423,-7.328799,9.083702,0.34995362,-7.2065306,18.054436,-4.4804473,-22.508112,20.105392,-5.977989,-9.015511,0.46889383
0.8400000000000004,4.875643,-4.1338644,7.4962254,-3.2608843,-5.7811036,15.593026,-2.877062,-14.113773,14.541627,-4.6810966,-5.819661,5.6002054
0.8600000000000004,3.3243692,-5.0798507,11.766709,-0.8760028,-7.368284,19.551258,-3.1918552,-16.901018,8.88848,-1.0836726,-6.1273503,9.998311
0.8800000000000004,3.39929,-4.5993557,10.583312,-2.79122,-8.058385,21.205326,-1.3572052,-18.08574,7.910275,-1.0632939,-6.3467965,10.111031
0.9000000000000005,5.4375315,-6.734706,6.40055,1.1637607,-5.6249247,14.295695,-7.052655,-15.214383,15.210738,-4.260834,-7.4751816,0.10024786
0.9200000000000005,1.9709496,-5.481588,12.083768,-1.3225596,-6.000102,17.697842,-4.616327,-14.712507,8.322674,-0.33124003,-4.0952554,10.48099
0.9400000000000005,0.94941896,-4.595275,10.865053,-2.1773462,-7.263422,21.684387,-3.0780547,-17.609766,5.740067,0.18205036,-4.7017612,10.765091
0.9600000000000005,2.5541785,-4.9126606,11.962521,-2.1090183,-8.859845,24.911936,-2.149785,-21.40902,4.7434516,-0.20627879,-6.186879,13.765058
0.9800000000000005,5.07924,-5.2095537,12.087145,-2.9315403,-9.986392,26.396912,-1.0646855,-23.0508,7.6257815,-1.0923829,-8.001018,13.477983
1.0000000000000004,3.8600695,-6.3248243,6.631895,-2.0143404,-8.210469,14.412539,-6.55415,-19.790638,16.876312,-3.9076717,-8.716917,2.2397838
1.0200000000000005,4.9644613,-4.956267,8.002164,1.2028258,-7.675438,10.489349,-8.502108,-13.588007,12.712022,-4.438809,-2.5014513,4.1492624
1.0400000000000005,6.8944407,-6.480421,8.787437,-1.435468,-4.566577,13.411266,-10.534561,-17.71848,21.183113,-4.504298,-7.2501564,2.5767741
1.0600000000000005,4.13041,-7.342519,10.941839,2.8407373,-7.831229,10.822784,-12.163549,-14.686293,14.075633,-1.0079402,-0.3578233,3.7324529
1.0800000000000005,8.12516,-9.042887,6.022831,-7.6952887,-8.770241,6.9197226,-6.0192313,-19.289478,18.625664,-3.6580603,-8.962781,3.9817626
1.1000000000000005,10.480317,-9.823571,5.3456407,1.0671327,-12.555053,8.570959,-11.50724,-20.264557,23.07111,-3.8086607,-3.3269825,0.972524
1.1200000000000006,14.992441,-10.678193,8.014274,-6.3736014,-9.619406,10.168555,-8.504693,-26.916307,28.435802,-5.466048,-7.4512067,5.422713
1.1400000000000006,7.594161,-7.0106697,5.8552175,-0.32050064,-11.468056,12.457815,-10.583235,-20.153238,23.243862,-5.89021,-3.8998652,2.365252
1.1600000000000006,9.131865,-11.333035,8.561663,-4.256326,-9.089843,13.769049,-4.800285,-23.462997,25.138706,-5.299182,-9.35252,5.7233415
1.1800000000000006,8.905176,-6.8235426,5.1286583,0.24835727,-12.8594675,10.941663,-11.224109,-20.626003,23.221445,-6.5647874,-4.1736474,0.75759053
1.2000000000000006,6.6969156,-12.301532,7.981295,-4.404078,-11.015,13.707281,-5.887316,-21.983795,24.624935,-4.103726,-10.604907,5.325735
1.2200000000000006,7.083627,-5.794222,5.312665,-2.8931942,-11.345628,8.868826,-6.3432937,-20.317627,21.873747,-6.735868,-5.5065393,2.3891006
1.2400000000000007,9.740794,-7.524434,4.098017,-1.5895035,-10.815043,8.346781,-12.771379,-18.707932,21.551392,-4.3058343,-2.515029,1.4501731
1.2600000000000007,12.632041,-8.984792,4.840204,-7.499008,-11.515287,6.3310957,-10.348944,-22.927841,22.918242,-4.0366106,-5.034462,4.378278
1.2800000000000007,9.814893,-7.639511,4.83158,-5.5325465,-11.396014,7.8925424,-6.4448113,-21.721235,22.645485,-5.569816,-5.2610245,3.8348799
1.3000000000000007,10.299235,-7.3690643,4.753709,-5.4229364,-11.103343,7.310726,-5.352085,-21.564417,21.95383,-5.9598594,-5.564344,3.987382
1.3200000000000007,9.304676,-6.838103,4.414884,-3.993092,-10.264521,7.159815,-3.8928006,-20.71709,21.03335,-5.56364,-5.288297,3.954021
1.3400000000000007,9.841737,-6.8716908,4.571856,-4.067616,-10.107585,6.7476134,-3.3962376,-20.819454,20.727804,-5.5493474,-5.866576,4.353738
1.3600000000000008,9.903194,-7.316661,4.8586636,-4.603353,-9.983095,6.79871,-3.3656616,-20.730919,20.672142,-5.414821,-6.1803646,4.6445084
1.3800000000000008,10.676044,-7.2207417,3.6808364,-2.7002113,-11.004331,6.8710856,-4.01219,-20.589685,21.066711,-5.5945606,-5.054741,3.127881
1.4000000000000008,17.24416,-13.570849,12.362257,1.7445879,-7.7853327,24.357029,-4.498015,-30.417318,32.284386,-9.353175,-9.699372,5.113624
1.4200000000000008,3.4002662,-5.554891,8.697941,-6.029775,-9.408403,12.431333,0.81703997,-26.986387,25.281034,-7.638828,-10.177473,8.337826
1.4400000000000008,10.043552,-7.6662307,7.266257,-2.857615,-9.879685,9.320696,-4.5570526,-23.583286,25.974052,-6.7911506,-6.7431517,3.7628508
1.4600000000000009,4.7001076,-4.683752,5.202212,-3.440319,-8.254043,7.746145,-0.5597639,-18.161404,19.493792,-5.596825,-5.226531,4.8235574
1.4800000000000009,11.712023,-6.9647636,4.5739026,-3.058748,-9.789494,7.036025,-5.879466,-20.369465,21.569864,-5.357548,-4.9381247,2.6351423
1.5000000000000009,10.786575,-7.1833353,3.760339,-1.6680443,-11.604922,9.861749,-16.248825,-20.409878,24.226948,-3.401383,-1.112072,3.1232615
1.520000000000001,10.901575,-8.10162,5.4272866,-2.6653762,-11.197393,9.114059,-19.527544,-20.349754,24.360493,-2.353688,-0.53456825,1.7933248
1.540000000000001,13.134185,-8.893883,5.26434,-7.3720417,-12.288995,6.5735106,-15.997282,-23.092257,24.965715,-3.8972292,-3.1203299,2.7396069
1.560000000000001,13.314448,-9.392299,4.3806367,-6.5356417,-13.549373,7.4727793,-13.401828,-23.441738,25.728737,-5.1545935,-2.9070568,3.0500758
1.580000000000001,7.0098386,-7.896932,5.5852146,-7.086351,-11.827943,7.6629877,-2.789238,-21.360273,19.528809,-4.3148513,-7.6625767,6.120504
1.600000000000001,5.3265057,-9.136071,10.677896,7.1701274,-9.519101,12.273155,-7.397168,-19.878017,13.667018,-0.31632122,-2.817175,7.0927157
1.620000000000001,0.85851085,-5.1607857,8.654277,-1.8618269,-5.4291115,14.719672,-3.2633042,-12.839136,6.7597127,-0.7067896,-4.0966835,7.766895
1.640000000000001,12.911154,-9.850611,8.748292,-2.5890355,-9.365592,11.600956,-19.715172,-22.617104,28.433895,0.19170524,-5.38142,1.1750151
1.660000000000001,13.016533,-13.183251,8.097817,-8.765412,-13.039906,10.716464,-5.6489677,-27.966406,27.623983,-4.682255,-9.531877,6.6163993
1.680000000000001,10.782603,-9.077527,9.157724,-5.6813827,-10.849874,12.053957,-5.014478,-26.010891,29.06497,-7.616615,-9.249964,5.143315
1.700000000000001,11.568808,-7.503462,8.013465,-5.809698,-11.944495,10.652526,-6.748409,-25.647188,28.481829,-8.716395,-7.9374995,3.833547
1.720000000000001,12.138931,-9.891696,5.1026845,-0.75182915,-13.453372,10.383802,-11.747562,-23.826405,27.152527,-5.944594,-3.85919,2.323936
1.740000000000001,14.692608,-9.346343,7.825305,-6.1677623,-11.591678,11.457634,-15.48999,-27.226597,30.988049,-5.218428,-5.6234665,3.8951824
1.7600000000000011,11.979891,-8.941381,13.795082,-0.6061187,-8.233655,24.28868,-4.556794,-26.578884,29.724804,-8.767098,-9.85944,4.9646435
1.7800000000000011,7.8838577,-6.3601656,7.532543,-4.559775,-11.636131,11.444289,-6.4882493,-25.53384,26.19346,-8.506309,-7.9455338,4.1900268
1.8000000000000012,9.498891,-7.0011063,11.155249,-1.6440196,-7.94049,18.675571,-4.5655837,-24.386625,28.537695,-9.949382,-10.804278,6.268499
1.8200000000000012,6.4344954,-5.474801,13.802179,-3.5435672,-7.2670727,19.44226,-4.0783515,-23.79499,27.493935,-8.750012,-12.026075,6.373152
1.8400000000000012,10.895516,-7.3579426,8.450792,-2.810485,-12.816886,14.122297,-15.072248,-24.243881,29.269241,-8.92858,-7.5650706,1.6626146
1.8600000000000012,6.830736,-4.839817,12.121937,-5.3476567,-8.18986,15.424718,-6.3387303,-23.192352,27.45934,-10.029052,-10.596578,6.230945
1.8800000000000012,4.4942646,-5.477851,8.548756,-0.46468452,-9.656325,10.04572,-2.7150607,-16.618988,19.380756,-5.4912734,-6.6204834,1.1814566
1.9000000000000012,9.652778,-6.3457494,6.342287,-0.97790766,-9.209336,12.012524,-16.791193,-20.147724,23.945997,-3.3099096,-3.365137,2.9933944
1.9200000000000013,10.316783,-7.6214895,11.637118,-5.07234,-8.0026,15.040635,-6.089571,-24.549644,26.660877,-6.4075885,-9.374361,5.762813
1.9400000000000013,10.278986,-5.919061,7.856253,-2.4498625,-12.818853,14.931103,-17.72038,-23.448399,29.082127,-7.9032564,-5.368273,2.7316992
1.9600000000000013,8.975352,-7.6528816,7.716061,-8.398819,-12.810333,7.2144628,-8.458222,-25.189634,24.244833,-7.023935,-8.175298,4.147658
1.9800000000000013,9.426136,-6.0469446,9.367773,-1.2858164,-7.914134,18.312784,-6.9330983,-22.733158,26.676212,-11.563108,-9.613159,6.3602285
2.0000000000000013,8.095732,-6.0682817,5.803808,-1.0492556,-12.581786,12.425055,-14.913269,-22.387623,25.329185,-6.376724,-4.2217093,1.0442886
2.0200000000000014,9.969679,-7.0758724,5.5796266,-3.460579,-11.473569,9.566411,-16.703447,-20.779694,23.736525,-5.0575356,-2.7536392,1.420139
2.0400000000000014,8.815526,-6.9376135,10.635784,-3.8609133,-6.6200495,14.837351,-5.738496,-22.821747,25.679752,-7.286141,-8.701413,5.542373
2.0600000000000014,7.7414684,-6.0335226,12.966593,-2.7495027,-7.1576934,19.02049,-4.4046087,-22.679502,26.703804,-7.99256,-10.393447,5.2274013
2.0800000000000014,4.7719674,-7.2518525,11.441996,-2.3867722,-7.3479004,17.134941,-3.3831084,-20.798267,23.522182,-5.168514,-9.530371,2.814867
2.1000000000000014,7.02833,-11.037401,10.94738,6.5546603,-14.922524,11.629078,-2.0561795,-26.918745,20.15513,-5.8867335,-6.6081157,3.8156695
2.1200000000000014,8.364125,-6.654773,14.477341,0.23816678,-5.2283115,24.114353,-2.2697766,-20.712692,22.553442,-9.932414,-12.658246,6.0732627
2.1400000000000015,11.081036,-7.9590607,11.066904,-2.4417682,-10.448067,16.942326,-16.992983,-25.121798,30.008816,-7.6192923,-8.345337,2.8867311
2.1600000000000015,8.185383,-6.1940627,6.2056146,-5.8464894,-14.115745,10.208656,-13.064429,-24.542168,26.016954,-8.430107,-5.397177,2.2662833
2.1800000000000015,9.258982,-6.0734887,10.580494,-4.549596,-7.8741674,15.102909,-7.09017,-24.185814,27.548489,-9.444405,-9.369566,5.364062
2.2000000000000015,9.06567,-6.0399094,9.606835,-5.5771503,-10.44996,11.330574,-8.403973,-23.84475,26.594194,-8.937468,-8.689226,3.1416905
2.2200000000000015,9.555119,-7.307557,12.048522,-2.8598785,-7.699594,17.375597,-5.5675797,-25.043137,29.003082,-9.180827,-9.962964,5.459411
2.2400000000000015,7.525551,-5.7970595,13.041948,-3.1022682,-8.057298,18.574554,-5.1333427,-23.384378,28.306747,-9.331801,-11.3217945,6.019671
2.2600000000000016,7.418159,-5.87002,7.1777,-3.906644,-11.143252,9.618706,-6.8073077,-22.608501,23.813065,-7.9603677,-7.02254,2.6128592
2.2800000000000016,7.212388,-6.2089634,10.830692,-3.471097,-6.513291,15.202402,-3.501451,-21.3008,24.453907,-7.58935,-8.832223,5.8055563
2.3000000000000016,10.7698145,-9.9000435,7.886418,-7.053469,-10.437312,8.733617,-6.0830903,-24.369247,26.016365,-5.389863,-8.476774,4.817147
2.3200000000000016,11.753563,-6.5367785,7.370716,-5.0724335,-12.677649,11.2387905,-9.895293,-24.67897,28.386368,-9.289208,-7.780019,2.1332443
2.3400000000000016,10.775967,-7.0429587,5.1429596,-3.8406997,-13.530915,10.252649,-13.888712,-23.5658,26.652203,-7.64407,-4.2811027,1.696814
2.3600000000000017,10.386717,-6.742915,10.486074,-4.846995,-7.86178,14.836136,-7.06743,-25.079918,28.029797,-8.99955,-9.008363,5.641194
2.3800000000000017,2.6393008,-3.798978,6.7332845,-2.097137,-7.7764916,9.215404,-0.51069117,-18.395334,19.33409,-6.49443,-6.708732,3.3953362
2.4000000000000017,6.987069,-5.7050276,7.4313326,-3.869415,-6.0059986,8.308794,-3.9844747,-18.165596,20.69097,-5.8006806,-6.658708,3.789736
2.4200000000000017,10.5393715,-6.495274,6.5909553,-1.0742452,-10.642352,13.037985,-19.753336,-21.563982,26.719685,-2.9473507,-2.2654433,2.4713187
2.4400000000000017,9.717862,-5.5176797,9.489511,-6.940941,-10.0847025,12.199535,-11.583993,-22.667843,25.098919,-7.254583,-7.0040445,4.4140525
2.4600000000000017,7.3215866,-5.360032,10.957475,-3.88877,-8.191731,14.6916275,-7.20142,-21.34636,25.651726,-8.693637,-9.157517,4.9165645
2.4800000000000018,12.633119,-7.95249,8.481122,-4.362449,-12.300274,11.80348,-15.739681,-24.558886,28.82535,-7.0397162,-6.878305,0.6642537
2.5000000000000018,4.320747,-6.0395947,7.4889355,-6.1800356,-8.75357,9.4126625,-2.4160848,-21.984056,22.357647,-6.0682225,-7.9558,5.2538447
2.520000000000002,8.025265,-6.4535317,9.472931,-2.6686969,-7.5826993,13.657251,-3.5540698,-21.497038,25.22381,-7.122992,-7.9392023,5.1325336
2.540000000000002,9.899009,-5.6689835,10.208359,-4.045344,-8.977728,14.715711,-6.3091645,-23.577099,27.218372,-8.853078,-9.09246,4.6189995
2.560000000000002,7.7882986,-5.801405,11.339546,-3.9589553,-7.736362,15.243863,-3.9699078,-23.341564,26.937706,-8.391543,-9.648453,5.700829
2.580000000000002,9.7977705,-6.425947,11.759252,-3.5399156,-9.142739,17.347763,-6.5644035,-25.663584,29.900768,-9.399784,-10.166739,5.256375
2.600000000000002,7.5059204,-5.3048964,10.228245,-5.0415416,-9.543424,12.717392,-5.233353,-23.775188,27.23712,-9.371545,-9.499031,4.6030717
2.620000000000002,9.791454,-6.0562096,10.764842,-3.8427033,-9.275186,16.107374,-6.6060615,-24.951023,29.013115,-9.783846,-9.663298,5.1988335
2.640000000000002,9.131908,-7.3065844,13.479852,-4.093764,-8.298741,18.646324,-4.5320797,-26.08927,30.032951,-9.087134,-10.447058,6.529687
2.660000000000002,9.188655,-6.233436,12.397217,-3.9112983,-9.459055,17.5782,-6.8824015,-25.65419,30.727749,-10.11357,-10.810228,5.3067565
2.680000000000002,7.296994,-5.9177876,12.4247265,-4.954535,-8.64017,15.132839,-4.7529025,-24.920473,29.145897,-9.411023,-10.786539,6.08555
2.700000000000002,7.557345,-6.443013,11.465481,-3.8699937,-8.018857,15.262697,-4.438353,-23.963757,28.729317,-8.620934,-9.316981,5.969062
2.720000000000002,8.966669,-7.476471,13.268615,-3.6225457,-8.143478,18.55889,-3.896269,-25.182163,28.696129,-8.066579,-9.461414,6.014769
2.740000000000002,8.736857,-7.630743,13.801178,-3.258102,-8.170062,19.443096,-4.3225665,-25.295994,28.8421,-8.115088,-10.10954,5.4622564
2.760000000000002,7.790537,-7.0436974,13.304938,-3.816029,-7.8064,18.249994,-3.9633684,-24.94669,28.355785,-8.147321,-10.124338,5.8690295
2.780000000000002,7.3035727,-6.9747677,12.927597,-3.4152508,-7.4399786,18.02261,-3.944283,-24.022749,27.47578,-7.4485,-9.442169,5.515265
2.800000000000002,4.1024446,-4.026238,5.73954,-2.0409172,-9.139976,13.206572,-3.692801,-17.261044,19.794014,-7.49842,-7.229499,3.937123
2.820000000000002,6.8338585,-6.454709,11.048342,-3.2072625,-6.391679,15.055742,-3.8819294,-20.844313,24.112698,-6.9669013,-8.656788,5.4195957
2.840000000000002,10.325342,-7.3445697,11.860882,-1.5759573,-8.60344,19.508253,-6.49677,-25.463905,29.77436,-9.106517,-9.944829,4.5939026
2.860000000000002,10.590966,-6.7305174,14.046719,-2.9992065,-9.402334,22.16898,-6.6633544,-27.608656,32.3225,-10.7302065,-12.100809,6.592165
2.880000000000002,8.211845,-7.6176867,16.792562,-4.7763486,-8.46802,22.822227,-5.280789,-27.909294,32.566647,-9.822457,-12.87854,7.171307
2.900000000000002,7.795674,-7.3451576,15.674492,-3.738812,-8.477194,21.451672,-5.7146473,-27.026953,32.59731,-9.699504,-12.401139,6.68842
2.920000000000002,7.5437775,-7.010137,14.451623,-4.4224696,-8.174939,19.231161,-5.1209607,-26.27928,31.575636,-9.317304,-11.449946,6.8388133
2.940000000000002,8.293111,-7.743066,14.385024,-4.150249,-8.281076,19.488836,-4.720733,-26.400194,30.903286,-8.401322,-10.292212,6.2276273
2.960000000000002,7.39749,-7.3361263,13.487343,-3.6169114,-7.9348297,18.68966,-3.972375,-25.06178,28.767883,-7.7308297,-9.856326,5.3867354
2.980000000000002,4.21967,-4.937339,11.513791,-3.1990533,-6.7771764,16.349613,-2.5631185,-20.997452,24.156755,-6.7084885,-9.02539,4.6701837
3.000000000000002,7.594816,-6.982476,11.569887,-3.16285,-7.2112737,15.597057,-4.0027413,-22.345837,25.960356,-7.174086,-8.716206,5.1424
3.0200000000000022,8.373615,-6.674676,12.57979,-3.0584445,-7.693285,18.101679,-4.1094875,-23.695469,27.285835,-8.265075,-9.984831,5.4211173
3.0400000000000023,6.816189,-6.6686406,14.870464,-1.1741648,-6.9140577,23.086662,-3.5053573,-22.293335,26.461071,-9.947059,-13.753174,7.0061316
3.0600000000000023,6.115261,-6.213629,14.331129,-1.9242029,-7.8260627,19.63791,-6.4949346,-24.264883,29.468906,-9.1769085,-12.210986,5.5292177
3.0800000000000023,10.133317,-6.716344,14.541618,-3.2743855,-10.041278,20.911602,-8.156946,-27.534912,32.908848,-10.740768,-11.871642,6.216277
3.1000000000000023,8.693229,-7.7577057,15.920928,-5.1278377,-8.678846,21.24314,-5.3476253,-28.11161,32.970783,-9.754453,-12.113962,7.4096217
3.1200000000000023,7.167572,-7.0045576,14.13052,-4.406122,-8.332174,19.155607,-4.5957527,-26.546461,31.349949,-9.0766,-11.160655,6.57117
3.1400000000000023,8.514835,-6.0651484,12.381255,-3.9722357,-9.963605,16.83405,-6.5579987,-25.273453,30.674126,-10.359888,-11.053075,5.380245
3.1600000000000024,8.226868,-5.904289,12.885801,-4.381166,-9.220778,16.474922,-6.182922,-25.079128,30.000511,-10.2628975,-11.342604,5.7521353
3.1800000000000024,6.754139,-7.10087,13.103485,-4.187373,-7.3097367,17.390585,-4.2410307,-24.148207,28.359848,-7.3483214,-9.04779,6.010822
3.2000000000000024,7.982748,-7.067157,12.927192,-3.7952828,-7.8805118,17.572596,-3.9967856,-24.194471,28.005798,-7.8360095,-9.6387205,5.5670743
3.2200000000000024,8.059871,-7.0670824,13.12261,-3.8741393,-7.8332825,17.897442,-4.011658,-24.421272,28.103611,-7.9743094,-9.87623,5.815115
3.2400000000000024,8.730047,-7.3093195,13.722491,-3.6297956,-8.204556,19.057625,-4.394777,-25.161224,28.919067,-8.35882,-10.330251,5.721885
3.2600000000000025,8.659954,-7.673213,13.945877,-3.8870025,-8.178756,18.998093,-4.6689243,-25.76407,29.725946,-8.438558,-10.3824215,5.9746757
3.2800000000000025,7.373704,-6.9956264,12.197048,-4.1137414,-8.029952,16.495539,-3.577343,-25.059784,28.653423,-7.9496865,-9.521151,5.8118706
3.3000000000000025,3.8621268,-4.3458495,6.829213,-2.0793438,-8.954137,16.231543,-2.9538157,-17.334227,21.019676,-7.2553377,-9.10139,4.1218977
3.3200000000000025,6.2897754,-7.4525414,12.652473,-1.6104217,-6.380769,18.998295,-4.8299394,-20.276396,24.021574,-5.825961,-9.069139,3.4464462
3.3400000000000025,7.220766,-6.212928,12.196053,-3.3194003,-6.957723,16.558533,-4.064854,-22.148663,25.50971,-7.39897,-9.514502,5.1799626
3.3600000000000025,10.698206,-7.012948,12.064985,-1.7201257,-9.321847,20.589334,-7.9963803,-26.325958,30.91003,-10.00653,-10.440689,5.289324
3.3800000000000026,9.282943,-7.676634,16.24398,-5.111766,-8.419345,21.843746,-4.8054686,-28.086721,32.063137,-9.4461775,-12.046853,7.491711
3.4000000000000026,7.5553083,-7.291885,15.001697,-3.766015,-8.403844,20.615868,-5.19817,-26.45765,31.317053,-9.141955,-11.596022,6.1271935
3.4200000000000026,6.7674885,-6.618619,16.365215,-3.4095306,-7.2956533,23.605982,-4.580853,-24.684965,29.224344,-9.255654,-13.098224,7.4221873
3.4400000000000026,3.9152162,-5.612048,12.146221,-2.9099517,-7.153728,15.564951,-4.76708,-22.853615,27.32715,-7.9063945,-9.995754,4.9784694
3.4600000000000026,7.2267556,-7.0846205,12.727783,-3.1276703,-6.9062243,17.754982,-4.0279436,-21.691654,25.822916,-6.1740108,-8.2622795,4.8263416
3.4800000000000026,9.289188,-6.093005,12.117004,-3.2788825,-8.706311,17.704416,-6.236068,-24.47669,28.48537,-8.94097,-10.3681755,4.696388
3.5000000000000027,7.8628893,-7.052987,13.664246,-4.330211,-7.634335,18.453663,-4.050285,-25.080547,28.411776,-8.09251,-10.202394,6.463919
3.5200000000000027,8.539188,-7.6483893,14.018927,-3.6559148,-8.068786,19.286985,-4.5836816,-25.18097,29.063835,-7.997185,-10.144624,5.6755195
3.5400000000000027,8.153683,-7.3957863,13.716101,-3.9033256,-7.913647,18.594639,-4.598484,-24.88339,28.918575,-8.246041,-10.3591385,5.726252
3.5600000000000027,6.5403895,-6.150787,14.630768,-2.2135425,-7.2073617,21.686373,-4.081822,-23.015406,27.992247,-9.628734,-12.857933,7.270931
3.5800000000000027,3.5059729,-5.4448304,12.102079,-2.8318477,-6.2344346,16.302044,-4.3662953,-22.260216,26.423988,-7.311075,-9.569472,5.049351
3.6000000000000028,7.598062,-7.7370176,12.686799,-3.3867946,-7.0233793,16.999657,-4.3122883,-22.590275,26.927237,-6.3177977,-8.157371,4.9285803
3.6200000000000028,8.431253,-7.776539,12.991949,-2.7253594,-7.5956883,18.376688,-3.999209,-23.173075,26.508823,-6.706351,-8.932366,4.3628955
3.640000000000003,8.172758,-7.4486456,13.097179,-2.9422593,-7.5315013,18.358568,-4.0567374,-23.582169,26.617146,-7.139445,-9.3682995,4.7827845
3.660000000000003,8.162624,-7.9709997,13.4185295,-2.9372392,-7.4805393,18.905424,-4.361625,-24.056181,27.226543,-6.952456,-9.454954,4.9971266
3.680000000000003,5.967787,-6.41093,12.442457,-3.7662845,-7.030587,17.059448,-3.3383582,-23.088263,26.18455,-7.0467668,-9.516933,5.3756866
3.700000000000003,5.3832417,-4.3001685,5.475338,-2.0730705,-10.267158,11.740645,-5.382384,-18.078533,21.217947,-7.8456697,-6.321176,3.0733373
3.720000000000003,9.5731325,-7.4165382,11.012306,-1.6008105,-7.283676,17.28566,-5.102894,-23.853909,27.53961,-8.288138,-9.651719,5.5078297
3.740000000000003,9.696159,-5.8417053,12.697826,-3.5430799,-9.2654505,18.879854,-6.4373374,-25.560158,29.908195,-9.830615,-10.744229,5.2904544
3.760000000000003,8.251396,-7.2526274,14.874512,-4.453997,-8.330712,19.959124,-5.0645375,-26.44439,30.894573,-9.23526,-11.57134,6.5989466
3.780000000000003,8.611553,-7.666976,15.258221,-4.0234632,-8.5273905,21.119535,-5.0816965,-27.066858,31.58881,-9.234838,-11.493458,6.5749445
3.800000000000003,9.437254,-6.5307093,13.177523,-3.511476,-10.714093,19.204325,-8.633831,-26.494675,32.41584,-10.928792,-11.491577,5.547963
3.820000000000003,8.780708,-5.837554,13.124115,-4.8603206,-10.561132,17.240217,-8.018294,-26.322304,31.547508,-10.953656,-11.482214,5.618271
3.840000000000003,5.660203,-6.3392353,15.490866,-4.205152,-6.5287876,22.357773,-4.92451,-23.49952,28.240047,-9.087409,-12.118153,7.814111
3.860000000000003,5.656928,-7.516283,13.617432,-3.3087363,-7.1992316,18.357462,-5.0469956,-23.950546,28.682018,-6.7378006,-9.696408,4.8059173
3.880000000000003,8.177622,-8.295665,13.348927,-2.817451,-7.709009,18.645145,-4.3611593,-23.742182,27.60231,-6.378238,-8.795249,4.4442415
3.900000000000003,8.63887,-8.440581,13.485019,-2.7312617,-7.811793,19.59381,-4.0444427,-23.818354,26.844421,-6.463082,-9.410055,4.611155
3.920000000000003,8.06876,-8.214782,13.096398,-2.472056,-7.843342,19.510704,-3.997881,-23.700127,26.597088,-6.4753118,-9.782339,4.468352
3.940000000000003,4.3410444,-4.1565,5.2214317,-1.9034472,-9.393803,12.528369,-3.6254563,-18.328276,20.28246,-7.498406,-6.781695,3.9116633
3.960000000000003,6.5196476,-6.37531,10.514942,-3.5408297,-6.310238,13.802719,-3.4831104,-20.402456,23.64819,-6.6351223,-8.073721,5.298512
3.980000000000003,8.96824,-7.1138926,12.240376,-2.401873,-7.5523157,18.273218,-4.011349,-23.15623,26.320724,-7.431917,-9.16032,4.9071956
4.000000000000003,9.3993225,-7.424512,14.678138,-2.6684952,-8.114381,21.857595,-4.4032907,-26.087425,29.353355,-8.945145,-11.488988,5.723497
4.020000000000002,8.62989,-7.626438,16.19255,-3.7429643,-8.204274,22.76727,-5.022441,-27.02889,30.958847,-9.114825,-12.192192,6.494206
4.040000000000002,7.5767536,-7.401888,15.404112,-4.070828,-8.135433,20.894993,-5.316665,-26.590002,31.532948,-9.076356,-11.833522,6.5958953
4.060000000000001,9.295393,-6.459092,13.449682,-3.6377988,-10.45153,18.547659,-8.320775,-26.205204,32.046112,-10.759995,-11.436737,5.2352967
4.080000000000001,4.925029,-6.236223,15.028536,-4.7116327,-6.4195814,21.513203,-5.0048213,-23.040573,28.139107,-8.96943,-12.172194,7.932816
4.1000000000000005,5.4348006,-7.4438047,13.295423,-2.8995862,-7.1271243,18.138199,-5.246395,-23.113422,28.248568,-6.7164273,-9.5293455,4.4844546
4.12,7.7268324,-8.052912,12.880689,-3.1709685,-7.5648375,17.696533,-4.1203794,-23.387833,27.1364,-6.2337465,-8.532451,4.6738167
4.14,5.7303395,-4.014127,5.7492175,-3.068304,-10.46461,11.153769,-5.102646,-19.070986,22.334406,-8.388251,-6.0517597,3.2462413
4.159999999999999,9.790768,-6.963256,10.062784,-1.9824452,-7.541349,16.019886,-6.351665,-23.433765,27.072056,-8.389172,-8.816407,5.3066416
4.179999999999999,7.770153,-6.386487,13.190504,-4.5780625,-7.5217943,17.963829,-3.558682,-24.513271,27.60639,-8.0557375,-10.0973015,6.5304446
4.199999999999998,10.111938,-6.9928017,13.271694,-2.2909217,-9.541428,20.896114,-7.5258536,-26.403101,31.61864,-9.861799,-11.286611,5.2526174
4.219999999999998,10.063921,-6.7739596,15.055117,-3.836731,-9.542724,21.701824,-6.8547516,-28.396786,33.535748,-10.746725,-12.415556,6.61525
4.2399999999999975,8.41554,-8.241771,16.696697,-4.518555,-8.443131,22.704243,-5.3967113,-28.13872,32.90229,-9.141973,-11.924412,7.004054
4.259999999999997,6.7691436,-7.5755696,14.780551,-3.9028096,-8.066726,20.26615,-4.556293,-26.186525,30.726864,-7.885224,-10.663012,5.7559733
4.279999999999997,5.734823,-5.9600816,9.711693,-1.7529821,-10.02574,19.007317,-4.1908383,-19.102076,24.732124,-9.542247,-11.002463,4.627188
4.299999999999996,7.727597,-8.687557,14.08868,-1.0598783,-7.291769,22.317131,-6.1760736,-22.282377,27.115187,-5.8261194,-10.094625,2.4690917
4.319999999999996,8.685482,-5.515971,13.21324,-4.3553333,-9.263287,16.885756,-7.9178443,-24.0457,28.22256,-10.154863,-10.807528,5.317477
4.339999999999995,8.362346,-8.550147,15.961691,-3.673801,-7.6767983,22.28453,-5.3730803,-25.89955,29.866066,-7.4637184,-10.693361,6.152993
4.359999999999995,9.775315,-6.6554246,14.7914715,-3.12788,-9.601563,21.997541,-7.7455397,-27.353504,32.936237,-10.634334,-12.307667,5.926111
4.379999999999995,9.571604,-6.5619,14.892487,-4.0654263,-10.359295,20.403318,-8.535696,-27.613499,33.452633,-11.298066,-12.447648,6.428412
4.399999999999994,8.138233,-8.275868,16.515018,-4.6580367,-8.2268305,22.06374,-5.672764,-27.604584,32.880062,-8.80419,-11.419512,6.917379
4.419999999999994,7.16572,-7.5274086,15.019273,-4.0611105,-8.229114,20.39753,-4.6344385,-26.408066,31.094837,-8.249177,-10.879433,5.8572345
4.439999999999993,7.469971,-7.8711867,13.800559,-3.176115,-7.819177,19.318985,-4.228748,-24.878128,28.621151,-7.12375,-9.518439,5.1052504
4.459999999999993,6.946576,-6.338996,15.7358,-2.166638,-6.8392286,23.692879,-3.994783,-23.63438,27.593975,-9.676945,-13.279029,7.0168557
4.479999999999992,6.079754,-7.71725,14.82686,-3.1628556,-7.0761714,20.57751,-5.442554,-24.582277,28.990175,-7.0642667,-10.798162,5.20646
4.499999999999992,7.197361,-7.4745016,14.002375,-3.952271,-7.5268726,18.667822,-4.5214677,-24.773233,29.099632,-7.5476213,-9.931083,5.756537
4.519999999999992,8.146318,-7.623432,13.869904,-3.5657406,-7.9278007,18.926008,-4.4653993,-24.918037,28.930927,-7.8952146,-9.962307,5.559576
4.539999999999991,8.757276,-7.8377423,14.253401,-3.266358,-8.12228,20.071661,-4.5659814,-25.446291,29.069157,-8.006654,-10.406315,5.4971795
4.559999999999991,7.7525253,-7.431631,13.880928,-3.678966,-7.695758,19.150284,-4.1686935,-25.169485,28.595707,-7.6665096,-10.028979,5.7379384
4.57999999999999,8.24004,-8.212228,13.609082,-2.9404159,-7.814942,19.291224,-4.3551354,-24.64698,28.043861,-6.978895,-9.553238,4.8851056
4.59999999999999,8.560961,-6.6799126,14.132841,-3.343957,-8.514963,19.992664,-4.6064367,-25.8093,30.250671,-9.318784,-11.475447,5.8182917
4.6199999999999894,8.819723,-6.2597284,12.626027,-3.9648476,-9.7413225,17.341877,-7.1819115,-25.703392,30.69811,-10.315592,-11.269922,5.5113277
4.639999999999989,8.160468,-7.504419,14.370859,-4.564527,-8.125493,19.314682,-4.710424,-26.172411,30.52432,-8.73515,-10.652137,6.7464547
4.659999999999989,8.416271,-7.697183,14.981464,-3.4583225,-8.24481,21.099443,-4.81162,-25.895702,30.155775,-8.410869,-10.962578,5.802886
4.679999999999988,7.634225,-7.727613,14.561004,-3.76654,-7.8426743,19.934002,-4.5018783,-25.796347,29.704681,-7.9111266,-10.489537,5.85086
4.699999999999988,7.4531994,-7.6036983,14.143981,-3.4996924,-7.723054,19.589966,-4.3562136,-24.941736,28.803318,-7.542031,-10.095304,5.4914002
4.719999999999987,5.155163,-4.4071712,5.817603,-2.4122295,-10.544103,13.092661,-4.951778,-19.297533,22.324387,-8.341962,-6.848996,3.9633532
4.739999999999987,7.9383526,-7.4893484,14.225605,-1.497611,-6.7881446,22.625832,-3.9040463,-21.479427,24.518637,-6.685825,-10.160114,4.937789
4.7599999999999865,7.4504566,-5.399136,11.222578,-3.0451791,-8.972085,16.713942,-8.881684,-22.3087,26.592955,-8.955004,-10.015567,4.4856553
4.779999999999986,10.143461,-6.4334373,13.404999,-3.2231488,-9.254038,20.172081,-8.7099495,-26.770723,31.414318,-10.127732,-10.758017,6.192679
4.799999999999986,8.746162,-7.973075,17.38734,-4.865705,-8.430089,23.947044,-5.128944,-28.06287,32.713474,-9.231161,-12.539713,7.197789
4.819999999999985,9.649424,-7.48612,15.522425,-2.7797742,-10.071059,22.980835,-7.6525073,-27.964792,34.450714,-10.997032,-13.170873,6.499121
4.839999999999985,9.541861,-6.752628,15.230196,-3.7508807,-10.924962,21.40485,-9.115079,-28.15756,34.638294,-11.615996,-12.953796,6.724354
4.859999999999984,8.6310005,-6.356061,14.831862,-4.461898,-11.210115,19.721071,-8.567656,-27.70847,34.174473,-11.6475725,-12.923452,6.3326483
4.879999999999984,6.41385,-6.893111,16.298483,-4.465088,-7.5925593,23.570164,-5.178511,-25.949936,31.970854,-10.430455,-13.505268,9.443199
4.8999999999999835,7.277197,-6.8637233,14.701125,-3.062717,-9.483867,18.555119,-7.050681,-25.542288,32.32329,-9.961856,-12.4784,5.513373
4.919999999999983,4.7295055,-4.005576,6.825027,-2.7571378,-11.419463,13.154968,-5.955498,-20.412766,24.572119,-9.706525,-7.976637,3.8286088
4.939999999999983,9.484161,-6.5383434,11.128581,-2.7024112,-8.342706,17.462734,-6.4361644,-24.853886,29.127583,-9.60736,-10.036911,5.736587
4.959999999999982,9.024262,-7.2136106,14.843128,-4.5089407,-8.265553,20.52425,-4.4261365,-26.703636,30.619442,-9.198542,-11.275912,6.8951416
4.979999999999982,8.097322,-7.7910585,15.644426,-3.6994534,-8.25158,21.82358,-4.9854417,-26.35771,30.631542,-8.672702,-11.549206,5.9453197
4.999999999999981,9.529017,-6.653142,13.298899,-3.1719036,-10.079406,20.403276,-8.548514,-26.19803,31.94239,-10.8601465,-11.639362,6.0945783
5.019999999999981,8.008644,-7.788174,16.845192,-4.9559894,-8.305436,22.726807,-5.3491206,-27.487389,32.53405,-9.346733,-12.309652,7.0056643
5.0399999999999805,8.049556,-8.237478,16.22262,-3.6738381,-8.326424,22.30787,-5.610946,-26.785023,31.88581,-8.518055,-11.571609,5.7651224
5.05999999999998,6.3642416,-6.683322,14.927853,-2.6505837,-7.6946135,21.96956,-4.7264066,-23.803614,29.25174,-9.612876,-13.330057,7.6946573
5.07999999999998,8.095297,-6.340003,13.927531,-3.141593,-9.643304,17.862038,-8.350819,-24.884003,30.726236,-10.154643,-12.009793,4.8778415
5.099999999999979,4.4227962,-5.8578115,12.648846,-3.8729415,-6.572874,16.965693,-4.0204635,-22.348764,26.752293,-6.552591,-8.6581335,5.153475
5.119999999999979,10.144516,-6.366872,11.9258995,-3.4917016,-9.222007,17.761427,-7.238602,-25.199825,29.623177,-9.411559,-9.66478,5.1432242
5.139999999999978,10.169997,-6.4416037,13.10413,-4.0986404,-9.602176,19.371552,-7.4326363,-27.298153,32.00079,-10.486419,-11.082395,5.947825
5.159999999999978,7.2793913,-6.2230988,13.423691,-5.0489793,-8.61642,16.893534,-4.6774607,-26.007101,30.704878,-9.572017,-11.106295,6.9001822
5.1799999999999775,8.969948,-7.983797,15.209827,-3.7777972,-8.5018635,21.713898,-4.534099,-26.931246,31.185795,-8.63027,-10.746257,6.5863314
5.199999999999977,9.237291,-6.58156,13.868547,-3.4876075,-9.582123,20.264954,-6.814646,-26.958061,32.554356,-10.540037,-12.169916,5.8439345
5.219999999999977,8.521303,-5.987626,13.329952,-4.3150945,-10.509604,17.706175,-7.1319594,-26.224476,31.64218,-11.068328,-11.756281,5.925697
5.239999999999976,6.72433,-6.6854286,15.719353,-3.52803,-7.0097775,23.072746,-4.7336044,-24.597084,29.76861,-10.033304,-12.805432,8.189304
5.259999999999976,7.9567714,-6.3757353,14.122269,-3.396459,-9.92569,17.978922,-8.678635,-25.39766,31.308115,-10.201807,-12.157766,4.669432
5.279999999999975,8.422284,-5.8692656,13.695037,-4.307909,-9.907781,17.219059,-7.641571,-25.424156,30.591785,-10.548091,-11.5407715,5.6300387
5.299999999999975,8.8467655,-6.2142553,13.725,-4.137695,-9.829888,18.248806,-7.5451236,-26.36936,31.704842,-10.550328,-11.691745,5.811883
5.3199999999999745,9.607632,-6.2545757,14.118952,-4.162132,-10.385907,19.220627,-7.7330484,-27.523287,32.846836,-11.213211,-11.975799,6.254216
5.339999999999974,9.510997,-6.4378433,14.524749,-4.2879624,-10.552548,19.689281,-7.988945,-28.048256,33.836994,-11.43405,-12.358185,6.353368
5.359999999999974,7.7600904,-8.096458,14.9750595,-4.8377776,-8.162828,19.685795,-5.066092,-27.24678,32.15572,-8.561616,-10.463666,6.838554
5.379999999999973,9.135313,-9.12908,15.339027,-2.943605,-8.60757,22.08281,-4.9787874,-26.59589,30.916656,-7.6080403,-10.206333,5.178224
5.399999999999973,8.516391,-6.111902,13.24884,-4.344498,-9.299824,17.91515,-6.097794,-25.884338,30.685349,-10.250601,-11.554926,5.8163023
5.419999999999972,8.3716545,-6.323086,13.063458,-4.0009327,-9.314569,17.112637,-6.2470784,-25.47417,30.669992,-10.094345,-11.305696,5.9433227
5.439999999999972,6.735835,-7.2746863,12.290244,-4.6502986,-7.9099293,16.220741,-3.9268014,-25.131653,29.10542,-7.7594886,-9.244898,6.297674
5.4599999999999715,9.198327,-6.238923,12.2732315,-4.1020026,-9.295157,16.9454,-6.0525312,-25.689442,30.616632,-9.805465,-10.616498,5.6054506
5.479999999999971,8.858138,-5.886695,12.298891,-4.4662595,-9.695323,16.374237,-6.4436145,-25.324093,30.16995,-10.451125,-10.821663,5.667466
5.499999999999971,9.087538,-6.254135,13.336671,-4.262961,-9.648533,17.645012,-6.7204037,-26.364628,31.280947,-10.391789,-11.388891,5.8118987
5.51999999999997,9.12174,-6.0672865,13.408648,-4.2012315,-10.178762,18.030659,-7.5305324,-26.498775,31.86207,-10.922746,-11.532416,5.7504897
5.53999999999997,9.102142,-6.351759,14.022966,-4.3540998,-9.80902,18.649406,-7.110142,-27.03702,32.40981,-10.788712,-11.863454,6.145605
5.559999999999969,9.184134,-6.299466,13.704713,-4.374924,-10.358836,18.224777,-7.7545443,-26.68526,32.291267,-11.032619,-11.72006,5.754654
5.579999999999969,9.188746,-6.1453457,12.525382,-4.5491266,-11.128018,17.092373,-8.71273,-26.167265,31.615158,-10.92859,-10.930883,5.1998625
5.599999999999969,6.9347177,-7.460534,13.637724,-4.9974484,-7.709363,17.486818,-4.5787106,-25.427128,30.156864,-8.085589,-9.60804,6.614181
5.619999999999968,8.373256,-8.554452,13.709303,-3.0045753,-8.0130825,19.209414,-4.5632586,-24.58971,28.99902,-7.0025077,-9.123944,4.688878
5.639999999999968,9.248108,-5.9055505,12.02252,-4.39349,-9.092526,16.621603,-6.634082,-24.886562,29.252474,-9.899344,-10.575799,5.1358476
5.659999999999967,8.648138,-5.839137,12.121258,-4.7116146,-9.696959,15.466234,-7.19426,-24.659645,29.22918,-10.098732,-10.654772,4.9474235
5.679999999999967,8.890963,-5.719127,11.974316,-4.4722695,-10.239886,15.924813,-7.9412293,-24.989952,29.682533,-10.368129,-10.593894,4.9411097
5.699999999999966,9.349756,-6.7187524,13.687635,-3.7203698,-9.149095,18.923449,-6.559836,-26.891651,31.788618,-10.146894,-11.456442,6.153057
5.719999999999966,9.369499,-6.116291,13.331887,-4.271994,-10.169227,18.220425,-7.7664223,-26.543072,31.974773,-10.885062,-11.345357,5.830071
5.739999999999966,9.320388,-6.0974646,12.273259,-4.4625993,-11.16045,17.187107,-9.282421,-26.240686,31.748686,-10.745839,-10.784124,5.054779
5.759999999999965,8.226925,-8.089287,14.924145,-4.584983,-8.14262,19.79055,-5.12215,-26.388489,31.145075,-8.481429,-10.394955,6.533515
5.779999999999965,8.009332,-7.6952105,14.276722,-3.8101134,-8.237052,19.602196,-4.499818,-25.904352,30.22394,-8.122739,-10.276913,5.729893
5.799999999999964,7.6883287,-7.5002933,13.745987,-3.783866,-7.906104,18.7956,-3.9727173,-25.41198,29.084923,-7.7859464,-9.893461,5.722194
5.819999999999964,9.085392,-5.9469705,11.201761,-4.5646553,-9.808701,15.075134,-7.3005433,-24.362162,28.89,-9.913033,-10.153315,4.446056
5.839999999999963,5.331766,-6.2416625,11.871645,-4.38482,-6.825174,15.469401,-3.4275286,-22.521317,26.209217,-6.9214478,-8.544504,5.6923246
5.859999999999963,9.626608,-5.979397,10.848282,-3.9570346,-9.198594,15.517576,-7.144231,-23.986702,28.234842,-9.234478,-9.395834,4.416446
5.879999999999963,10.23813,-6.3929825,12.309452,-4.012005,-9.361094,18.11166,-7.3236413,-26.364246,30.62664,-10.098974,-10.304617,5.6381516
5.899999999999962,8.916024,-8.114049,15.616792,-4.2619734,-8.223346,21.42259,-4.8184648,-26.877007,30.68174,-8.452972,-10.949162,6.5343757
5.919999999999962,7.001629,-7.005675,13.25606,-3.8510437,-8.109984,18.303207,-4.326016,-25.39683,29.651936,-8.422044,-10.550047,5.6302977
5.939999999999961,8.372847,-8.251009,14.1481,-3.4214177,-7.784154,19.392265,-4.5439544,-25.324081,29.311214,-7.5048475,-9.414516,5.657524
5.959999999999961,7.70037,-7.9759917,13.104979,-3.3511539,-8.094165,18.816547,-3.649632,-25.002113,27.981098,-6.854402,-9.4923935,5.298468
5.9799999999999605,4.6913166,-3.8997364,6.237014,-2.9610832,-9.380101,11.50264,-3.1654155,-19.380745,21.82222,-7.7124376,-6.5962224,3.9428737
5.99999999999996,9.75388,-6.04757,9.078814,-2.8271627,-8.115724,14.698045,-7.398257,-22.424799,25.88869,-8.315307,-8.466232,4.733669
6.01999999999996,9.408804,-7.65798,14.049709,-3.337088,-7.567046,20.277386,-4.2546906,-25.035118,28.08545,-7.963937,-10.041447,5.91547
6.039999999999959,9.301991,-8.2926655,16.610605,-2.4595075,-8.316958,25.14159,-4.7231927,-27.17765,30.551674,-8.96331,-12.351352,5.7605696
6.059999999999959,7.901955,-7.595192,17.063112,-3.7432227,-8.00139,23.38108,-5.474158,-27.057299,31.68945,-9.370158,-13.048005,6.634095
6.079999999999958,7.3134294,-7.4120913,17.28805,-2.5725055,-7.5139046,25.557734,-5.1703467,-25.755146,30.686932,-10.461005,-14.643495,8.166832
6.099999999999958,5.310975,-6.789187,15.981308,-3.3303428,-7.1695957,21.737621,-5.791899,-26.125788,31.376923,-8.48182,-12.240149,6.28517
6.1199999999999575,6.434799,-7.3491945,14.764164,-4.4121375,-7.4088135,19.428028,-4.5521793,-25.127174,30.087906,-7.4296274,-10.192299,6.1647925
6.139999999999957,7.5695667,-7.878662,14.116497,-3.0449843,-7.7074656,19.867302,-4.4846587,-23.971548,28.020391,-6.917908,-9.514587,4.753083
6.159999999999957,4.5990334,-4.193466,7.2136908,-2.9374533,-9.504645,12.631417,-3.883267,-19.455132,22.749832,-8.127878,-7.7242236,4.1527104
6.179999999999956,8.56859,-7.531386,11.715012,-2.530892,-7.073988,17.402977,-3.77544,-22.951553,26.038368,-7.532108,-8.870968,5.432618
6.199999999999956,8.795527,-7.0534415,14.079367,-2.9343963,-7.655522,20.53671,-4.0165935,-24.49195,27.539804,-8.025816,-10.465397,5.4891973
6.219999999999955,7.995449,-7.1748,15.289837,-3.538597,-8.055451,21.44445,-4.914012,-25.62451,29.609772,-8.865991,-12.03745,5.922191
6.239999999999955,7.864098,-6.847594,13.014247,-0.5329175,-9.258446,22.856136,-6.908238,-22.262327,28.641972,-11.01612,-12.4026375,7.225721
6.2599999999999545,6.713521,-6.9626627,15.046175,-4.494016,-7.5713167,19.87963,-5.5712233,-25.831402,31.178944,-8.864326,-11.946847,6.559713
6.279999999999954,9.199518,-6.5459213,13.919452,-3.6558518,-10.00796,18.12413,-7.3088055,-26.13406,31.717054,-10.405942,-11.446396,5.5376334
6.299999999999954,4.960465,-3.9691772,6.5703483,-3.0805945,-11.0399475,12.393305,-4.7039256,-20.805023,24.096272,-9.262198,-7.662518,3.9933572
6.319999999999953,8.892058,-5.867843,10.412896,-3.3036103,-8.157628,15.6832,-5.8501596,-23.514847,27.325626,-9.181582,-9.634634,5.243028
6.339999999999953,9.952616,-6.386549,12.300116,-3.6420088,-9.1962805,18.413385,-7.107417,-26.170918,30.522507,-9.831787,-10.507884,5.518938
6.359999999999952,9.6484995,-6.000003,11.692152,-4.051292,-11.033617,17.839752,-9.109259,-25.59864,30.718746,-10.9082155,-10.563714,5.716356
6.379999999999952,10.521146,-8.025995,15.061159,-2.6394167,-9.362541,22.753191,-6.408558,-29.415573,34.95975,-10.8655,-12.853092,6.7972116
6.3999999999999515,8.744538,-7.539112,16.84496,-5.1489415,-8.85492,22.889257,-5.010395,-29.15528,34.224514,-10.375665,-12.924105,7.907822
6.419999999999951,7.365942,-7.2858806,15.514742,-4.1481824,-8.522904,21.049881,-5.048989,-27.366253,32.646442,-9.326075,-11.941343,6.7321925
6.439999999999951,6.995001,-7.0296283,15.993912,-2.4631915,-7.782779,23.803204,-4.4962234,-24.881002,30.428078,-10.138858,-13.980051,8.229799
6.45999999999995,7.194935,-6.0651517,13.982834,-2.7922053,-10.013484,18.429733,-8.245482,-25.113724,31.216442,-10.406081,-12.276325,5.012593
6.47999999999995,5.8148775,-4.731103,8.166322,-2.5715172,-11.703263,15.34613,-8.218852,-21.08244,26.310701,-10.141168,-8.9515705,4.368217
6.499999999999949,6.8588705,-7.4230156,13.386437,-4.416736,-7.1853733,17.145061,-4.719238,-23.592129,28.019154,-7.685143,-9.643792,5.936827
6.519999999999949,9.8378105,-6.6747828,12.958099,-2.70723,-9.266078,19.806347,-6.7271814,-26.117147,31.196434,-9.707651,-10.655201,5.1398854
6.5399999999999485,7.242239,-6.4078016,14.593762,-4.7618628,-7.8838334,19.608944,-4.321142,-25.813835,30.10809,-9.22557,-11.74639,7.089998
6.559999999999948,9.762659,-7.393724,14.825096,-2.2512817,-9.727332,22.759243,-7.350991,-27.765654,33.768566,-10.389365,-12.480464,6.292416
6.579999999999948,9.736611,-6.6535597,15.40399,-3.9102445,-10.255065,21.481186,-7.929976,-28.25388,34.26855,-11.550625,-12.940614,6.857256
6.599999999999947,7.564776,-8.161073,16.666042,-4.7666097,-8.204648,22.303303,-5.500151,-27.56693,32.75884,-8.649419,-11.666407,6.7593255
6.619999999999947,8.643204,-6.236424,12.977083,-4.284232,-10.668878,17.340847,-7.135943,-25.857967,31.402483,-10.603991,-11.2568245,5.161275
6.639999999999946,6.7332478,-6.7277184,16.039625,-3.586287,-6.637479,23.539843,-4.4266863,-24.471292,29.251617,-10.261235,-12.987859,8.4127445
6.659999999999946,7.5691905,-8.980962,15.782329,-2.0439963,-8.152463,23.382801,-6.3380265,-24.672308,29.710352,-6.7618995,-11.455174,3.6120663
6.6799999999999455,5.4393187,-6.653739,13.7337475,-4.2150292,-7.0936074,18.036154,-3.5921092,-24.550074,28.39045,-7.216733,-10.331542,5.9969506
6.699999999999945,7.726801,-7.1168327,13.098147,-3.7274456,-7.8375926,17.631094,-4.3618674,-24.38832,28.708158,-8.076392,-9.790272,5.835592
6.719999999999945,9.9138775,-6.1112666,12.2069435,-3.4018102,-9.63971,18.670214,-7.5646224,-25.974625,30.78085,-10.148936,-10.527,5.3358006
6.739999999999944,8.27783,-5.607086,12.085318,-4.917117,-10.07745,16.032925,-6.49144,-25.317589,29.78726,-10.427952,-10.942129,5.6615806
6.759999999999944,9.289264,-6.220895,12.827686,-3.4876332,-9.759526,18.757385,-7.48871,-25.936844,31.168697,-10.3253,-11.0455,5.8191442
6.779999999999943,9.589125,-6.2052493,13.793699,-4.058019,-10.182145,19.322102,-8.256451,-27.078964,32.41585,-10.902457,-11.618298,6.1778316
6.799999999999943,8.079323,-7.8177013,15.503553,-4.877272,-8.137076,20.614517,-5.182644,-27.059235,31.830826,-8.926042,-11.213835,7.04027
6.8199999999999426,9.335075,-6.3827477,13.3484125,-4.166759,-10.198995,18.039566,-7.51928,-26.287422,31.87258,-10.656843,-11.462224,5.3870573
6.839999999999942,8.718372,-5.9787326,12.94677,-4.500804,-10.242207,16.794752,-7.304742,-25.667927,30.797703,-10.640174,-11.263399,5.4397917
6.859999999999942,5.7765727,-6.351913,11.95124,-4.597608,-7.3615923,15.578311,-3.728075,-23.844334,28.061867,-7.690685,-9.096844,6.05078
6.879999999999941,7.7676563,-7.295536,11.220654,-3.5686984,-7.787281,14.947457,-3.8712628,-23.170208,27.336811,-7.3188834,-8.10271,4.9728484
6.899999999999941,8.77927,-7.6677003,12.634867,-3.0976315,-7.7566032,17.789366,-3.6485069,-23.839746,26.897882,-7.181684,-8.771285,4.9827394
6.91999999999994,7.8177876,-7.186635,12.694215,-3.1372666,-7.6299715,17.970451,-3.6479812,-23.856007,26.693462,-7.2212815,-9.383526,5.052538
6.93999999999994,8.380297,-8.083048,13.342157,-2.3919683,-7.4951296,19.455276,-4.2719703,-23.539133,26.748537,-6.7448506,-9.422063,4.5820804
6.95999999999994,4.787175,-4.0247927,5.380391,-2.2685843,-9.716141,11.720268,-4.221661,-18.626526,20.892536,-7.6363964,-5.948843,3.594147
6.979999999999939,7.28675,-6.369101,10.098772,-3.3791223,-6.546398,13.72026,-3.2643394,-20.656305,23.55486,-6.976466,-8.035751,5.173934
6.999999999999939,9.976772,-6.670843,10.9676,-1.5455894,-8.5662775,18.681782,-6.1516604,-24.341208,28.477295,-9.150839,-9.634171,4.503702
7.019999999999938,8.94774,-7.242911,15.386328,-4.234709,-8.203172,21.525673,-4.5054073,-27.160727,30.819002,-9.576223,-11.996932,7.042732
7.039999999999938,8.267306,-7.3462315,16.43377,-3.348813,-8.591777,23.408852,-5.356078,-27.25549,31.977104,-9.581298,-12.815968,6.4795375
7.059999999999937,7.71646,-7.196144,16.602797,-3.9395556,-8.360991,22.746405,-5.4424434,-27.326847,32.650333,-9.905885,-13.214748,7.1453714
7.079999999999937,8.019735,-8.112205,17.30811,-3.7894197,-8.38169,24.074629,-5.5807533,-27.514908,32.79837,-8.991304,-12.409619,6.499595
7.099999999999937,6.9206758,-7.455566,16.826395,-3.0501742,-7.506233,25.031782,-5.056849,-25.13533,29.750526,-9.943946,-14.164045,7.6091437
7.119999999999936,5.047115,-6.907828,15.172443,-3.0126214,-7.1056676,20.63048,-5.7626066,-25.383919,30.758188,-8.040801,-11.444338,5.865519
7.139999999999936,6.276119,-7.0876136,13.073626,-4.1913466,-7.3943458,17.133419,-3.9679818,-24.436886,28.966785,-7.2398086,-9.214374,5.737132
7.159999999999935,6.628628,-6.564869,12.534246,-3.1163874,-7.2894406,17.573475,-3.533711,-22.449627,26.223946,-7.1445045,-9.182877,4.8953624
7.179999999999935,7.6129227,-7.4980726,12.517288,-3.083879,-7.3768206,17.395855,-3.9371934,-23.370085,26.595882,-6.8914714,-9.039566,4.9351773
7.1999999999999345,9.52187,-5.672855,11.09465,-4.3738856,-9.385413,15.732782,-7.910784,-24.30682,28.55119,-9.905387,-9.786371,4.7252264
7.219999999999934,9.716918,-5.236636,9.7861595,-3.4989896,-12.005728,16.563644,-12.193899,-24.0056,28.828342,-10.403308,-8.515011,4.428882
7.239999999999934,9.85154,-6.261798,13.010769,-4.952793,-9.924718,18.29003,-9.644081,-26.993198,31.549362,-10.2927885,-10.762581,5.622656
7.259999999999933,9.85317,-6.229809,14.406035,-4.521417,-10.654258,19.693232,-8.908047,-27.685604,33.090015,-11.159738,-11.6514435,6.132425
7.279999999999933,9.581748,-6.485672,14.19013,-4.5086794,-10.697623,19.507233,-8.748957,-27.654408,33.389618,-11.308955,-12.074716,6.2263026
7.299999999999932,9.2651615,-6.300979,12.824381,-4.68515,-11.512833,17.651,-9.241834,-26.718498,32.420734,-11.121087,-11.209429,5.2714224
7.319999999999932,8.58382,-5.808543,12.980746,-5.0001626,-10.832845,16.923075,-8.033809,-25.90459,31.452919,-11.0227375,-11.353874,5.410644
7.3399999999999315,8.549634,-5.9088564,12.311977,-4.595489,-10.601903,16.07921,-7.838363,-25.062878,30.317791,-10.5075655,-10.748503,4.925558
7.359999999999931,9.252078,-6.2016525,13.284423,-4.7239366,-9.782285,17.318394,-7.1745276,-26.374681,31.087215,-10.434831,-11.338513,5.666618
7.379999999999931,6.969172,-6.968856,12.797091,-4.861722,-7.7650967,16.582571,-4.280123,-25.182178,29.567818,-8.3382845,-9.735042,6.504215
7.39999999999993,8.582352,-7.4967155,13.268122,-3.677894,-8.261441,18.326784,-4.325928,-25.289833,29.482521,-8.247335,-9.69577,5.832708
7.41999999999993,8.259873,-7.3283687,13.401309,-3.6276584,-8.052229,18.561571,-4.0916343,-24.98497,28.579735,-8.09055,-10.038972,5.5181775
7.439999999999929,8.541187,-6.025226,12.248818,-4.1544933,-8.872267,16.275352,-6.494338,-24.476395,29.10617,-9.671458,-10.669542,5.1229486
7.459999999999929,5.391638,-4.0434427,6.1084967,-2.9514623,-10.964345,11.130116,-5.51331,-19.775637,23.069609,-8.770556,-6.474097,3.2395587
7.4799999999999285,7.0877295,-6.758793,10.43277,-4.1741767,-6.8074923,13.3181925,-3.372579,-21.518381,24.83544,-7.03762,-7.8313637,5.7304354
7.499999999999928,9.569239,-7.920162,12.661427,-1.768331,-7.6531577,19.732166,-3.9533136,-23.729904,26.785332,-7.257764,-9.038739,4.5686207
7.519999999999928,8.709795,-7.0886555,14.639684,-3.4736037,-8.101559,20.712452,-4.440749,-25.738012,29.207758,-8.901059,-11.563878,5.976623
7.539999999999927,8.514,-7.805642,15.632923,-3.7908669,-8.119963,21.805483,-5.018257,-26.632057,30.71163,-8.778544,-11.586532,6.456618
7.559999999999927,7.5126047,-7.50561,15.116809,-3.8252048,-7.9505987,20.746912,-4.932399,-25.914362,30.287008,-8.368655,-11.178459,6.006548
7.579999999999926,6.7146325,-6.6026874,16.219646,-3.0248141,-7.1349845,23.603642,-4.7722187,-24.149788,28.506786,-8.8181925,-12.863708,6.8416414
7.599999999999926,6.486504,-8.083954,14.727785,-2.4280958,-7.612913,21.324148,-5.5251064,-24.294888,28.354126,-6.62768,-10.668584,4.2828426
7.6199999999999255,2.7402866,-3.4877548,7.2365756,-2.9092932,-8.768935,12.331108,-3.432439,-19.595224,21.743233,-7.8634686,-7.9429507,3.99573
7.639999999999925,6.769724,-6.5185347,10.838054,-3.546596,-6.5252666,14.371429,-3.4517424,-21.137852,24.456644,-6.7985506,-7.933306,5.6336293
7.659999999999925,8.976292,-7.368948,12.814018,-1.7698169,-7.55337,19.991034,-3.8578377,-23.388569,26.42474,-7.522478,-9.5051155,4.613686
7.679999999999924,1.4866853,-4.1719065,8.996427,-2.772387,-6.223598,15.005046,-2.2432928,-19.154533,21.339214,-6.396937,-9.701848,5.63108
7.699999999999924,8.416584,-6.480543,12.365845,-0.9798112,-7.8435826,19.697432,-6.419788,-24.160225,28.539902,-8.822579,-10.151708,6.001021
7.719999999999923,9.5315,-7.8029337,15.942582,-3.962803,-8.359281,22.727573,-4.95873,-27.486137,31.492493,-9.169198,-11.854277,6.837478
7.739999999999923,8.107235,-7.771702,17.176174,-3.57277,-8.420461,24.442757,-5.111036,-27.380007,31.704563,-9.118354,-12.876699,6.2916436
7.7599999999999225,6.664542,-6.974142,15.606455,-3.9873257,-7.897893,21.149237,-5.062168,-26.48192,31.555325,-9.059452,-12.412119,6.754724
7.779999999999922,7.6979856,-7.836985,14.981133,-4.164497,-8.076996,20.132832,-4.9789643,-26.321047,31.23974,-8.344965,-10.701118,6.3160477
7.799999999999922,6.175478,-6.4769926,15.227898,-2.9789152,-7.28819,22.864353,-4.5345445,-23.373371,28.016197,-8.805478,-12.805967,6.8596287
7.819999999999921,5.098737,-6.93637,13.722681,-3.1729221,-6.8974247,18.730124,-4.8808694,-23.736988,28.25698,-7.0024676,-10.230975,5.1560674
7.839999999999921,6.099246,-4.9851685,9.613749,-2.605297,-9.682242,15.19725,-4.8732104,-19.596794,24.90285,-9.202694,-9.568557,4.944449
7.85999999999992,9.308859,-6.2693024,11.437038,-2.5227323,-8.509126,17.896896,-7.274202,-24.665127,28.973145,-9.274631,-10.140685,5.1808553
7.87999999999992,10.511397,-6.6985736,13.675707,-3.4869213,-9.550353,20.579765,-7.1856513,-27.558228,32.366703,-10.483666,-11.408642,6.0341725
7.8999999999999195,6.660921,-6.1118917,14.999064,-5.0289645,-7.7526207,20.112392,-4.1134567,-26.261488,30.698154,-9.230099,-11.994796,7.5073833
7.919999999999919,10.350702,-7.1333165,11.421957,-2.4675355,-11.952894,19.739037,-11.1304455,-26.139711,32.38151,-10.518965,-10.682592,4.963345
7.939999999999919,9.4080305,-5.980789,14.651518,-4.6693344,-10.56262,20.027628,-9.067932,-27.69513,33.11792,-11.191919,-11.943559,6.6041694
7.959999999999918,8.946779,-6.39898,14.049901,-4.2337627,-10.947391,19.125875,-8.778523,-26.841,32.877216,-11.067131,-12.097526,5.9533343
7.979999999999918,8.363517,-6.0382004,13.946695,-4.52543,-10.234645,17.952274,-7.4105687,-26.196388,31.946857,-10.941592,-12.082762,5.9878006
7.999999999999917,6.9550157,-6.865635,15.984148,-3.1709085,-6.982355,23.762056,-4.760428,-24.853664,30.109241,-10.3369875,-13.30343,8.409632
8.019999999999918,7.316855,-6.0301056,12.159285,-2.7683702,-11.154018,17.335564,-10.380585,-24.423054,30.311102,-9.974674,-10.852995,3.77468
8.039999999999917,5.9757314,-6.468791,12.98162,-5.218276,-7.438403,16.103884,-4.133883,-24.302317,28.906345,-8.018253,-9.689896,6.6335764
8.059999999999917,8.401034,-7.899789,13.049322,-3.1408887,-8.012305,18.161995,-4.3925343,-24.414032,28.490002,-7.3510327,-8.877382,5.154917
8.079999999999917,8.291931,-7.544591,13.414152,-3.2339973,-7.80558,18.713902,-3.9845705,-24.273687,27.562128,-7.517447,-9.664953,5.028007
8.099999999999916,6.9883876,-6.914089,12.330437,-3.2272887,-7.343606,17.159458,-3.6738105,-23.342123,26.400585,-7.152058,-9.195151,4.98706
8.119999999999916,6.6653795,-6.4887924,11.161727,-3.6694684,-7.2790375,15.193921,-3.3613424,-22.895033,26.23337,-7.277118,-8.881626,5.3564563
8.139999999999915,8.835657,-6.4034376,12.462205,-3.3236861,-8.341647,17.29021,-4.8692913,-24.744293,28.861572,-8.5454035,-10.328433,5.2776847
8.159999999999915,9.4985895,-5.9545074,11.999041,-3.5902505,-9.719583,17.639978,-7.099994,-25.39597,29.980572,-10.16534,-10.641848,5.417298
8.179999999999914,8.229221,-7.4665046,15.053061,-4.6857314,-8.018655,20.255892,-4.602761,-26.122322,30.135836,-8.612603,-10.971104,6.7916865
8.199999999999914,9.64473,-6.6293683,12.298485,-3.477178,-10.167701,18.80054,-9.032402,-25.987835,31.630192,-10.226201,-10.650105,5.088366
8.219999999999914,9.76613,-5.799575,13.240878,-4.6372623,-10.910204,18.603193,-9.398162,-26.640766,31.84376,-11.361257,-11.204254,6.01971
8.239999999999913,9.55386,-6.452629,14.309305,-4.4783607,-10.478389,19.906416,-9.009931,-27.908825,33.52039,-11.136037,-12.026313,6.2772713
8.259999999999913,9.204063,-6.3171844,14.062321,-4.6467314,-11.098587,18.733166,-8.674208,-27.337725,33.290325,-11.436599,-12.099029,5.959165
8.279999999999912,8.544109,-6.222418,13.040475,-4.745195,-11.006663,17.535227,-8.270009,-26.297617,32.24146,-11.051007,-11.63864,5.4404373
8.299999999999912,8.874113,-6.1153603,13.214038,-4.5072823,-10.622212,17.678682,-7.8960104,-26.264214,31.785322,-10.900611,-11.5161495,5.6944127
8.319999999999911,8.911482,-6.0917687,13.321238,-4.182252,-10.457228,18.038277,-7.683726,-26.421339,31.843227,-10.942554,-11.592749,5.8492675
8.339999999999911,9.21179,-6.20319,13.366713,-4.295567,-10.226781,17.865578,-7.8057647,-26.405037,31.708084,-10.711038,-11.37641,5.6180863
8.35999999999991,9.498774,-6.1262665,13.535645,-4.501451,-10.30514,18.41572,-7.9136953,-27.097912,32.280712,-11.056376,-11.599004,5.97734
8.37999999999991,8.875811,-6.1016893,13.433878,-4.350923,-10.451779,17.998562,-7.8575535,-26.360317,31.92569,-10.915244,-11.586189,5.792749
8.39999999999991,8.681904,-6.0550537,12.785465,-4.4020157,-10.475245,17.361458,-7.897248,-25.844826,31.32204,-10.826832,-11.322934,5.543862
8.41999999999991,7.0160184,-7.2122154,14.003214,-4.5373974,-7.6534305,18.55184,-4.7293124,-25.117182,29.852537,-8.173226,-9.992907,6.4119096
8.439999999999909,8.041427,-8.117159,13.805224,-3.1116934,-7.8716373,19.10373,-4.7337217,-24.674782,28.992641,-7.247712,-9.297729,4.9097247
8.459999999999908,7.7840433,-7.751312,13.111536,-3.5699468,-7.9090457,18.290974,-3.752542,-24.719406,27.810364,-6.999323,-9.335208,5.386096
8.479999999999908,8.833052,-5.966114,11.997934,-4.3779426,-8.866114,16.00916,-6.3472943,-24.52227,28.872753,-9.626405,-10.434543,5.17886
8.499999999999908,8.531299,-5.8008556,12.331997,-4.251178,-9.187176,15.990344,-6.560238,-24.501118,29.110744,-9.876845,-10.575105,5.3210454
8.519999999999907,9.031832,-6.024823,12.402135,-4.298301,-9.507089,16.449072,-7.006237,-25.193027,29.774982,-9.987871,-10.697823,5.2469506
8.539999999999907,9.735018,-6.0170736,12.441229,-4.501015,-10.503153,17.304333,-8.66472,-26.301647,31.177086,-10.713509,-10.806428,5.3133388
8.559999999999906,7.349908,-7.0206513,13.398407,-5.2167225,-7.8889527,17.179,-4.627031,-25.722397,30.42531,-8.819448,-10.22225,6.896342
8.579999999999906,8.533457,-7.764913,13.869244,-3.4774919,-8.177963,19.383968,-4.4199452,-25.491253,29.664928,-7.9935603,-9.758724,5.7552934
8.599999999999905,7.9035077,-7.581888,14.18358,-3.281629,-7.807702,19.999409,-4.1131234,-24.915276,28.415825,-7.555967,-10.107418,5.3080707
8.619999999999905,6.7786083,-6.211521,15.538205,-2.289547,-6.9297705,22.814587,-4.085722,-23.282482,27.30032,-9.521312,-13.083104,6.7429557
8.639999999999905,3.128219,-5.164487,12.141918,-2.294581,-6.23857,17.024582,-4.877009,-22.139683,25.585257,-7.442061,-10.306259,5.0815606
8.659999999999904,7.770564,-7.780687,13.3250265,-3.1781497,-7.051182,18.511904,-4.648503,-22.612314,26.842545,-6.1738267,-8.781929,4.8874655
8.679999999999904,9.668211,-6.2790294,12.766624,-3.230866,-8.968437,18.834074,-6.5130706,-25.380535,29.669561,-9.355146,-10.641318,4.9915214
8.699999999999903,9.844108,-6.3426943,13.3553095,-4.0121007,-9.459408,19.308428,-7.253299,-26.93317,31.585354,-10.448958,-11.323205,6.020958
8.719999999999903,9.880655,-6.5813437,14.192093,-4.207756,-10.040829,19.825348,-7.677455,-27.771412,33.079216,-10.912537,-11.920505,6.2509522
8.739999999999903,7.2820997,-7.511786,15.021638,-4.990948,-8.025154,19.86568,-4.761044,-26.807465,31.5247,-8.602544,-10.878113,6.915058
8.759999999999902,9.16843,-5.7591877,7.915826,-3.560295,-13.343173,14.311643,-11.081226,-23.497675,29.020641,-10.2172985,-7.8342686,2.536443
8.779999999999902,8.492447,-4.995703,11.238529,-5.9141893,-10.005246,14.281572,-7.980716,-24.28574,28.24597,-10.172565,-10.017469,4.8789763
8.799999999999901,8.72332,-5.7553086,12.390596,-4.395086,-9.4820795,16.329771,-7.23026,-24.808643,29.366459,-9.959381,-10.527751,5.1462665
8.8199999999999,8.02282,-7.8072705,14.837871,-3.9816146,-7.636852,20.323204,-4.7928076,-25.485655,29.581066,-8.010227,-10.205434,6.512323
8.8399999999999,7.786779,-7.19709,14.774884,-3.3519354,-8.022409,20.726196,-4.752835,-24.981571,29.309586,-8.250832,-11.003797,5.3612375
8.8599999999999,6.837289,-6.933667,14.44495,-3.8959236,-7.56673,19.587067,-4.5495214,-24.522053,28.865488,-8.195528,-10.975138,5.858392
8.8799999999999,9.007998,-6.303085,13.204708,-2.8647923,-9.529355,19.403196,-7.8259315,-25.324703,30.821503,-10.2032795,-11.352034,5.5731654
8.899999999999899,9.550806,-6.004636,13.167061,-4.1520123,-10.524862,18.582357,-9.409687,-26.596876,31.853157,-10.864878,-11.239017,5.709612
8.919999999999899,6.8476515,-7.33451,15.190706,-4.7909055,-7.5056458,19.94836,-4.902508,-25.459078,30.182642,-8.0208845,-10.533462,6.5177226
8.939999999999898,8.787234,-6.157879,11.904396,-3.9981313,-10.058753,16.375618,-8.146553,-24.349182,29.708555,-9.92858,-10.348023,4.3538733
8.959999999999898,8.502759,-5.91033,13.560372,-4.643617,-9.196494,17.250433,-6.4662867,-25.684668,30.453415,-10.330789,-11.498967,6.1302643
8.979999999999897,8.681705,-6.269007,13.780588,-4.013275,-9.457384,18.036692,-6.57679,-26.277128,31.580008,-10.371766,-11.763304,6.1187563
8.999999999999897,9.358454,-6.193938,13.116255,-4.19257,-10.28288,17.81205,-7.664689,-26.551332,31.83749,-10.835364,-11.408636,5.660681
9.019999999999897,8.925973,-5.9568977,13.141773,-4.481165,-10.446954,17.494265,-7.76851,-26.270771,31.562805,-10.9224825,-11.478507,5.6644382
9.039999999999896,8.950971,-6.117917,13.407453,-4.2670517,-10.3084,18.06651,-7.6945157,-26.325663,31.745134,-10.876203,-11.607449,5.806007
9.059999999999896,9.355804,-6.07911,12.999382,-4.482659,-10.631398,17.71155,-8.480741,-26.49108,31.811087,-10.893555,-11.231852,5.5001254
9.079999999999895,7.0070534,-7.1696796,14.226027,-5.013848,-7.7625074,18.549686,-4.6833186,-25.794388,30.525558,-8.548533,-10.340416,6.86606
9.099999999999895,8.036842,-8.101394,14.1079445,-3.0910592,-7.868144,19.639715,-4.762369,-24.801945,29.186699,-7.3696036,-9.536981,5.106603
9.119999999999894,9.267784,-5.90092,12.2715025,-4.401938,-9.5181,16.56932,-7.4228797,-24.978062,29.674927,-10.204686,-10.567868,5.079025
9.139999999999894,6.8967953,-6.298129,14.529238,-2.801436,-6.7444315,21.538223,-4.1118183,-23.55296,28.481655,-9.756141,-12.253475,7.7519536
9.159999999999894,5.432299,-6.561757,13.448228,-3.3389273,-7.142255,18.427105,-4.4767714,-24.160728,28.352541,-7.595631,-10.340521,5.335593
9.179999999999893,7.7068453,-7.667062,13.331885,-3.6565113,-7.477537,17.963387,-4.3875217,-24.298319,28.323933,-7.360515,-9.235056,5.6541533
