t_perf_s,count,method
88670.885231877,2304,UpdateParticleFrame
88670.967403133,2304,UpdateParticleFrame
88671.135140842,2304,UpdateParticleFrame
88671.218260130,2304,UpdateParticleFrame
88671.413845001,2304,UpdateParticleFrame
88671.631620738,2304,UpdateParticleFrame
88671.732448406,2304,UpdateParticleFrame
88671.916540522,2304,UpdateParticleFrame
88672.115014282,2304,UpdateParticleFrame
88672.215789802,2304,UpdateParticleFrame
88672.418445545,2304,UpdateParticleFrame
88672.632942682,2304,UpdateParticleFrame
88672.736814871,2304,UpdateParticleFrame
88672.970063673,2304,UpdateParticleFrame
88673.198626848,2304,UpdateParticleFrame
88673.301129862,2304,UpdateParticleFrame
88673.514897851,2304,UpdateParticleFrame
88673.718668557,2304,UpdateParticleFrame
88673.832869710,2304,UpdateParticleFrame
88674.050261396,2304,UpdateParticleFrame
88674.299889091,2304,UpdateParticleFrame
88674.416045579,2304,UpdateParticleFrame
88674.633560170,2304,UpdateParticleFrame
88674.853556269,2304,UpdateParticleFrame
88674.967078699,2304,UpdateParticleFrame
88675.200375005,2304,UpdateParticleFrame
88675.418622219,2304,UpdateParticleFrame
88675.533270330,2304,UpdateParticleFrame
